filename,label
0001.pdf,0
0002.pdf,1
0003.pdf,0
0004.pdf,1
0005.pdf,1
0006.pdf,0
0007.pdf,0
0008.pdf,1
0009.pdf,0
0010.pdf,0
0011.pdf,0
0012.pdf,1
0013.pdf,1
0014.pdf,1
0015.pdf,1
0016.pdf,1
0017.pdf,0
0018.pdf,0
0019.pdf,0
0020.pdf,0
0021.pdf,0
0022.pdf,0
0023.pdf,0
0024.pdf,1
0025.pdf,0
0026.pdf,0
0027.pdf,0
0028.pdf,0
0029.pdf,1
0030.pdf,1
0031.pdf,0
0032.pdf,0
0033.pdf,1
0034.pdf,1
0035.pdf,1
0036.pdf,1
0037.pdf,0
0038.pdf,1
0039.pdf,1
0040.pdf,0
0041.pdf,0
0042.pdf,0
0043.pdf,0
0044.pdf,1
0045.pdf,0
0046.pdf,0
0047.pdf,0
0048.pdf,0
0049.pdf,0
0050.pdf,0
0051.pdf,0
0052.pdf,1
0053.pdf,0
0054.pdf,0
0055.pdf,1
0056.pdf,0
0057.pdf,1
0058.pdf,0
0059.pdf,0
0060.pdf,1
0061.pdf,0
0062.pdf,1
0063.pdf,0
0064.pdf,0
0065.pdf,1
0066.pdf,0
0067.pdf,0
0068.pdf,0
0069.pdf,0
0070.pdf,0
0071.pdf,1
0072.pdf,0
0073.pdf,0
0074.pdf,1
0075.pdf,1
0076.pdf,1
0077.pdf,0
0078.pdf,1
0079.pdf,0
0080.pdf,1
0081.pdf,0
0082.pdf,0
0083.pdf,0
0084.pdf,0
0085.pdf,0
0086.pdf,0
0087.pdf,0
0088.pdf,0
0089.pdf,0
0090.pdf,1
0091.pdf,1
0092.pdf,1
0093.pdf,1
0094.pdf,0
0095.pdf,0
0096.pdf,1
0097.pdf,0
0098.pdf,0
0099.pdf,0
0100.pdf,0
0101.pdf,1
0102.pdf,1
0103.pdf,0
0104.pdf,0
0105.pdf,1
0106.pdf,0
0107.pdf,1
0108.pdf,0
0109.pdf,0
0110.pdf,0
0111.pdf,0
0112.pdf,1
0113.pdf,0
0114.pdf,0
0115.pdf,0
0116.pdf,0
0117.pdf,0
0118.pdf,0
0119.pdf,1
0120.pdf,0
0121.pdf,0
0122.pdf,1
0123.pdf,0
0124.pdf,0
0125.pdf,0
0126.pdf,1
0127.pdf,0
0128.pdf,0
0129.pdf,1
0130.pdf,1
0131.pdf,0
0132.pdf,0
0133.pdf,0
0134.pdf,0
0135.pdf,1
0136.pdf,1
0137.pdf,1
0138.pdf,0
0139.pdf,0
0140.pdf,0
0141.pdf,1
0142.pdf,1
0143.pdf,0
0144.pdf,0
0145.pdf,0
0146.pdf,1
0147.pdf,0
0148.pdf,0
0149.pdf,1
0150.pdf,0
0151.pdf,0
0152.pdf,0
0153.pdf,0
0154.pdf,1
0155.pdf,0
0156.pdf,0
0157.pdf,0
0158.pdf,1
0159.pdf,0
0160.pdf,0
0161.pdf,0
0162.pdf,0
0163.pdf,1
0164.pdf,1
0165.pdf,0
0166.pdf,0
0167.pdf,1
0168.pdf,0
0169.pdf,1
0170.pdf,1
0171.pdf,1
0172.pdf,1
0173.pdf,0
0174.pdf,0
0175.pdf,0
0176.pdf,0
0177.pdf,0
0178.pdf,0
0179.pdf,1
0180.pdf,0
0181.pdf,1
0182.pdf,0
0183.pdf,1
0184.pdf,0
0185.pdf,0
0186.pdf,0
0187.pdf,0
0188.pdf,0
0189.pdf,0
0190.pdf,0
0191.pdf,1
0192.pdf,0
0193.pdf,1
0194.pdf,1
0195.pdf,0
0196.pdf,1
0197.pdf,1
0198.pdf,0
0199.pdf,0
0200.pdf,0
0201.pdf,0
0202.pdf,0
0203.pdf,0
0204.pdf,0
0205.pdf,0
0206.pdf,0
0207.pdf,1
0208.pdf,0
0209.pdf,0
0210.pdf,0
0211.pdf,1
0212.pdf,0
0213.pdf,1
0214.pdf,1
0215.pdf,1
0216.pdf,1
0217.pdf,1
0218.pdf,0
0219.pdf,0
0220.pdf,1
0221.pdf,1
0222.pdf,0
0223.pdf,1
0224.pdf,0
0225.pdf,0
0226.pdf,1
0227.pdf,0
0228.pdf,0
0229.pdf,0
0230.pdf,1
0231.pdf,0
0232.pdf,1
0233.pdf,0
0234.pdf,1
0235.pdf,1
0236.pdf,0
0237.pdf,0
0238.pdf,0
0239.pdf,0
0240.pdf,0
0241.pdf,0
0242.pdf,0
0243.pdf,1
0244.pdf,0
0245.pdf,0
0246.pdf,0
0247.pdf,0
0248.pdf,0
0249.pdf,0
0250.pdf,0
0251.pdf,1
0252.pdf,1
0253.pdf,0
0254.pdf,0
0255.pdf,1
0256.pdf,0
0257.pdf,0
0258.pdf,0
0259.pdf,0
0260.pdf,1
0261.pdf,0
0262.pdf,0
0263.pdf,0
0264.pdf,0
0265.pdf,0
0266.pdf,0
0267.pdf,0
0268.pdf,0
0269.pdf,0
0270.pdf,0
0271.pdf,1
0272.pdf,0
0273.pdf,0
0274.pdf,1
0275.pdf,0
0276.pdf,1
0277.pdf,1
0278.pdf,0
0279.pdf,0
0280.pdf,0
0281.pdf,0
0282.pdf,0
0283.pdf,0
0284.pdf,1
0285.pdf,1
0286.pdf,0
0287.pdf,0
0288.pdf,1
0289.pdf,1
0290.pdf,0
0291.pdf,1
0292.pdf,1
0293.pdf,0
0294.pdf,0
0295.pdf,1
0296.pdf,0
0297.pdf,0
0298.pdf,0
0299.pdf,0
0300.pdf,1
0301.pdf,1
0302.pdf,1
0303.pdf,1
0304.pdf,0
0305.pdf,0
0306.pdf,0
0307.pdf,0
0308.pdf,0
0309.pdf,1
0310.pdf,0
0311.pdf,0
0312.pdf,1
0313.pdf,0
0314.pdf,0
0315.pdf,1
0316.pdf,0
0317.pdf,0
0318.pdf,0
0319.pdf,0
0320.pdf,0
0321.pdf,0
0322.pdf,0
0323.pdf,1
0324.pdf,0
0325.pdf,0
0326.pdf,0
0327.pdf,0
0328.pdf,0
0329.pdf,0
0330.pdf,0
0331.pdf,1
0332.pdf,0
0333.pdf,0
0334.pdf,0
0335.pdf,1
0336.pdf,0
0337.pdf,1
0338.pdf,0
0339.pdf,1
0340.pdf,1
0341.pdf,1
0342.pdf,0
0343.pdf,0
0344.pdf,1
0345.pdf,0
0346.pdf,0
0347.pdf,1
0348.pdf,1
0349.pdf,1
0350.pdf,0
0351.pdf,0
0352.pdf,0
0353.pdf,1
0354.pdf,0
0355.pdf,0
0356.pdf,0
0357.pdf,0
0358.pdf,0
0359.pdf,1
0360.pdf,0
0361.pdf,0
0362.pdf,1
0363.pdf,0
0364.pdf,0
0365.pdf,0
0366.pdf,0
0367.pdf,1
0368.pdf,1
0369.pdf,0
0370.pdf,0
0371.pdf,0
0372.pdf,0
0373.pdf,1
0374.pdf,0
0375.pdf,1
0376.pdf,0
0377.pdf,1
0378.pdf,0
0379.pdf,1
0380.pdf,0
0381.pdf,0
0382.pdf,1
0383.pdf,1
0384.pdf,0
0385.pdf,0
0386.pdf,0
0387.pdf,0
0388.pdf,0
0389.pdf,0
0390.pdf,1
0391.pdf,0
0392.pdf,1
0393.pdf,0
0394.pdf,1
0395.pdf,0
0396.pdf,0
0397.pdf,0
0398.pdf,1
0399.pdf,0
0400.pdf,0
0401.pdf,1
0402.pdf,0
0403.pdf,1
0404.pdf,0
0405.pdf,0
0406.pdf,0
0407.pdf,1
0408.pdf,0
0409.pdf,0
0410.pdf,0
0411.pdf,0
0412.pdf,0
0413.pdf,1
0414.pdf,1
0415.pdf,0
0416.pdf,1
0417.pdf,0
0418.pdf,1
0419.pdf,0
0420.pdf,1
0421.pdf,0
0422.pdf,0
0423.pdf,1
0424.pdf,1
0425.pdf,0
0426.pdf,1
0427.pdf,0
0428.pdf,0
0429.pdf,1
0430.pdf,0
0431.pdf,0
0432.pdf,0
0433.pdf,0
0434.pdf,1
0435.pdf,1
0436.pdf,0
0437.pdf,1
0438.pdf,1
0439.pdf,1
0440.pdf,1
0441.pdf,0
0442.pdf,0
0443.pdf,0
0444.pdf,0
0445.pdf,1
0446.pdf,0
0447.pdf,1
0448.pdf,1
0449.pdf,0
0450.pdf,0
0451.pdf,0
0452.pdf,0
0453.pdf,0
0454.pdf,0
0455.pdf,0
0456.pdf,1
0457.pdf,1
0458.pdf,1
0459.pdf,0
0460.pdf,0
0461.pdf,0
0462.pdf,0
0463.pdf,0
0464.pdf,0
0465.pdf,0
0466.pdf,1
0467.pdf,0
0468.pdf,0
0469.pdf,1
0470.pdf,1
0471.pdf,1
0472.pdf,0
0473.pdf,0
0474.pdf,0
0475.pdf,1
0476.pdf,1
0477.pdf,1
0478.pdf,1
0479.pdf,0
0480.pdf,1
0481.pdf,0
0482.pdf,0
0483.pdf,0
0484.pdf,0
0485.pdf,1
0486.pdf,0
0487.pdf,0
0488.pdf,0
0489.pdf,1
0490.pdf,0
0491.pdf,1
0492.pdf,1
0493.pdf,1
0494.pdf,1
0495.pdf,0
0496.pdf,0
0497.pdf,1
0498.pdf,0
0499.pdf,0
0500.pdf,1
0501.pdf,1
0502.pdf,0
0503.pdf,0
0504.pdf,0
0505.pdf,0
0506.pdf,0
0507.pdf,1
0508.pdf,0
0509.pdf,1
0510.pdf,0
0511.pdf,0
0512.pdf,0
0513.pdf,0
0514.pdf,1
0515.pdf,0
0516.pdf,1
0517.pdf,1
0518.pdf,0
0519.pdf,1
0520.pdf,0
0521.pdf,0
0522.pdf,1
0523.pdf,1
0524.pdf,1
0525.pdf,0
0526.pdf,1
0527.pdf,0
0528.pdf,0
0529.pdf,1
0530.pdf,0
0531.pdf,0
0532.pdf,0
0533.pdf,0
0534.pdf,0
0535.pdf,0
0536.pdf,0
0537.pdf,1
0538.pdf,1
0539.pdf,0
0540.pdf,0
0541.pdf,1
0542.pdf,0
0543.pdf,1
0544.pdf,0
0545.pdf,1
0546.pdf,0
0547.pdf,0
0548.pdf,0
0549.pdf,0
0550.pdf,0
0551.pdf,1
0552.pdf,0
0553.pdf,0
0554.pdf,0
0555.pdf,1
0556.pdf,0
0557.pdf,0
0558.pdf,0
0559.pdf,0
0560.pdf,1
0561.pdf,1
0562.pdf,1
0563.pdf,0
0564.pdf,1
0565.pdf,1
0566.pdf,0
0567.pdf,1
0568.pdf,0
0569.pdf,0
0570.pdf,0
0571.pdf,1
0572.pdf,1
0573.pdf,0
0574.pdf,0
0575.pdf,0
0576.pdf,1
0577.pdf,1
0578.pdf,0
0579.pdf,0
0580.pdf,0
0581.pdf,0
0582.pdf,1
0583.pdf,0
0584.pdf,0
0585.pdf,0
0586.pdf,1
0587.pdf,0
0588.pdf,0
0589.pdf,1
0590.pdf,0
0591.pdf,0
0592.pdf,0
0593.pdf,0
0594.pdf,0
0595.pdf,1
0596.pdf,0
0597.pdf,0
0598.pdf,0
0599.pdf,0
0600.pdf,0
0601.pdf,0
0602.pdf,0
0603.pdf,0
0604.pdf,0
0605.pdf,0
0606.pdf,1
0607.pdf,1
0608.pdf,0
0609.pdf,0
0610.pdf,0
0611.pdf,0
0612.pdf,0
0613.pdf,0
0614.pdf,0
0615.pdf,0
0616.pdf,0
0617.pdf,1
0618.pdf,0
0619.pdf,0
0620.pdf,1
0621.pdf,1
0622.pdf,0
0623.pdf,0
0624.pdf,1
0625.pdf,1
0626.pdf,0
0627.pdf,1
0628.pdf,0
0629.pdf,0
0630.pdf,0
0631.pdf,0
0632.pdf,1
0633.pdf,1
0634.pdf,1
0635.pdf,1
0636.pdf,1
0637.pdf,0
0638.pdf,0
0639.pdf,1
0640.pdf,0
0641.pdf,0
0642.pdf,0
0643.pdf,0
0644.pdf,1
0645.pdf,0
0646.pdf,1
0647.pdf,1
0648.pdf,1
0649.pdf,1
0650.pdf,1
0651.pdf,0
0652.pdf,0
0653.pdf,0
0654.pdf,0
0655.pdf,1
0656.pdf,0
0657.pdf,0
0658.pdf,1
0659.pdf,1
0660.pdf,1
0661.pdf,0
0662.pdf,1
0663.pdf,1
0664.pdf,0
0665.pdf,0
0666.pdf,0
0667.pdf,1
0668.pdf,1
0669.pdf,0
0670.pdf,1
0671.pdf,0
0672.pdf,0
0673.pdf,0
0674.pdf,1
0675.pdf,0
0676.pdf,1
0677.pdf,0
0678.pdf,0
0679.pdf,0
0680.pdf,1
0681.pdf,1
0682.pdf,0
0683.pdf,1
0684.pdf,0
0685.pdf,1
0686.pdf,1
0687.pdf,1
0688.pdf,0
0689.pdf,0
0690.pdf,1
0691.pdf,1
0692.pdf,1
0693.pdf,0
0694.pdf,0
0695.pdf,0
0696.pdf,0
0697.pdf,0
0698.pdf,1
0699.pdf,1
0700.pdf,1
0701.pdf,0
0702.pdf,1
0703.pdf,0
0704.pdf,1
0705.pdf,0
0706.pdf,1
0707.pdf,0
0708.pdf,0
0709.pdf,0
0710.pdf,1
0711.pdf,0
0712.pdf,1
0713.pdf,0
0714.pdf,0
0715.pdf,1
0716.pdf,0
0717.pdf,0
0718.pdf,1
0719.pdf,0
0720.pdf,1
0721.pdf,1
0722.pdf,0
0723.pdf,0
0724.pdf,0
0725.pdf,0
0726.pdf,0
0727.pdf,0
0728.pdf,1
0729.pdf,1
0730.pdf,0
0731.pdf,0
0732.pdf,1
0733.pdf,1
0734.pdf,1
0735.pdf,1
0736.pdf,1
0737.pdf,0
0738.pdf,0
0739.pdf,1
0740.pdf,0
0741.pdf,1
0742.pdf,1
0743.pdf,0
0744.pdf,0
0745.pdf,1
0746.pdf,0
0747.pdf,0
0748.pdf,1
0749.pdf,0
0750.pdf,0
0751.pdf,0
0752.pdf,1
0753.pdf,1
0754.pdf,0
0755.pdf,0
0756.pdf,1
0757.pdf,0
0758.pdf,0
0759.pdf,0
0760.pdf,1
0761.pdf,0
0762.pdf,0
0763.pdf,1
0764.pdf,0
0765.pdf,0
0766.pdf,0
0767.pdf,0
0768.pdf,1
0769.pdf,0
0770.pdf,0
0771.pdf,0
0772.pdf,0
0773.pdf,0
0774.pdf,1
0775.pdf,1
0776.pdf,1
0777.pdf,1
0778.pdf,0
0779.pdf,0
0780.pdf,0
0781.pdf,0
0782.pdf,1
0783.pdf,1
0784.pdf,0
0785.pdf,0
0786.pdf,0
0787.pdf,0
0788.pdf,0
0789.pdf,0
0790.pdf,0
0791.pdf,1
0792.pdf,1
0793.pdf,0
0794.pdf,0
0795.pdf,1
0796.pdf,1
0797.pdf,1
0798.pdf,1
0799.pdf,0
0800.pdf,0
0801.pdf,0
0802.pdf,0
0803.pdf,1
0804.pdf,1
0805.pdf,1
0806.pdf,0
0807.pdf,0
0808.pdf,0
0809.pdf,0
0810.pdf,0
0811.pdf,1
0812.pdf,0
0813.pdf,0
0814.pdf,0
0815.pdf,0
0816.pdf,0
0817.pdf,1
0818.pdf,1
0819.pdf,1
0820.pdf,0
0821.pdf,0
0822.pdf,0
0823.pdf,1
0824.pdf,0
0825.pdf,0
0826.pdf,0
0827.pdf,1
0828.pdf,1
0829.pdf,1
0830.pdf,1
0831.pdf,1
0832.pdf,0
0833.pdf,0
0834.pdf,0
0835.pdf,1
0836.pdf,1
0837.pdf,1
0838.pdf,0
0839.pdf,0
0840.pdf,0
0841.pdf,0
0842.pdf,0
0843.pdf,0
0844.pdf,1
0845.pdf,0
0846.pdf,0
0847.pdf,1
0848.pdf,1
0849.pdf,0
0850.pdf,1
0851.pdf,1
0852.pdf,1
0853.pdf,0
0854.pdf,1
0855.pdf,1
0856.pdf,1
0857.pdf,0
0858.pdf,0
0859.pdf,0
0860.pdf,0
0861.pdf,0
0862.pdf,1
0863.pdf,0
0864.pdf,1
0865.pdf,0
0866.pdf,1
0867.pdf,1
0868.pdf,0
0869.pdf,1
0870.pdf,1
0871.pdf,0
0872.pdf,0
0873.pdf,1
0874.pdf,1
0875.pdf,1
0876.pdf,1
0877.pdf,0
0878.pdf,0
0879.pdf,1
0880.pdf,1
0881.pdf,1
0882.pdf,0
0883.pdf,1
0884.pdf,1
0885.pdf,0
0886.pdf,0
0887.pdf,0
0888.pdf,1
0889.pdf,1
0890.pdf,1
0891.pdf,0
0892.pdf,1
0893.pdf,0
0894.pdf,0
0895.pdf,0
0896.pdf,1
0897.pdf,0
0898.pdf,0
0899.pdf,1
0900.pdf,1
0901.pdf,1
0902.pdf,0
0903.pdf,1
0904.pdf,0
0905.pdf,0
0906.pdf,0
0907.pdf,1
0908.pdf,0
0909.pdf,0
0910.pdf,0
0911.pdf,1
0912.pdf,0
0913.pdf,0
0914.pdf,0
0915.pdf,0
0916.pdf,1
0917.pdf,0
0918.pdf,1
0919.pdf,0
0920.pdf,0
0921.pdf,1
0922.pdf,0
0923.pdf,0
0924.pdf,0
0925.pdf,1
0926.pdf,0
0927.pdf,0
0928.pdf,1
0929.pdf,0
0930.pdf,0
0931.pdf,1
0932.pdf,1
0933.pdf,1
0934.pdf,0
0935.pdf,0
0936.pdf,0
0937.pdf,0
0938.pdf,1
0939.pdf,0
0940.pdf,1
0941.pdf,1
0942.pdf,1
0943.pdf,0
0944.pdf,0
0945.pdf,0
0946.pdf,0
0947.pdf,0
0948.pdf,0
0949.pdf,1
0950.pdf,0
0951.pdf,1
0952.pdf,0
0953.pdf,1
0954.pdf,0
0955.pdf,0
0956.pdf,1
0957.pdf,1
0958.pdf,0
0959.pdf,0
0960.pdf,1
0961.pdf,0
0962.pdf,0
0963.pdf,1
0964.pdf,0
0965.pdf,1
0966.pdf,0
0967.pdf,1
0968.pdf,1
0969.pdf,1
0970.pdf,1
0971.pdf,0
0972.pdf,0
0973.pdf,0
0974.pdf,0
0975.pdf,1
0976.pdf,1
0977.pdf,0
0978.pdf,1
0979.pdf,0
0980.pdf,1
0981.pdf,0
0982.pdf,0
0983.pdf,1
0984.pdf,0
0985.pdf,0
0986.pdf,0
0987.pdf,1
0988.pdf,0
0989.pdf,0
0990.pdf,1
0991.pdf,0
0992.pdf,0
0993.pdf,1
0994.pdf,0
0995.pdf,0
0996.pdf,1
0997.pdf,1
0998.pdf,0
0999.pdf,0
1000.pdf,0
1001.pdf,0
1002.pdf,0
1003.pdf,1
1004.pdf,0
1005.pdf,1
1006.pdf,1
1007.pdf,0
1008.pdf,1
1009.pdf,0
1010.pdf,1
1011.pdf,1
1012.pdf,1
1013.pdf,1
1014.pdf,0
1015.pdf,1
1016.pdf,0
1017.pdf,0
1018.pdf,1
1019.pdf,0
1020.pdf,0
1021.pdf,0
1022.pdf,0
1023.pdf,1
1024.pdf,1
1025.pdf,1
1026.pdf,1
1027.pdf,1
1028.pdf,0
1029.pdf,0
1030.pdf,0
1031.pdf,1
1032.pdf,0
1033.pdf,1
1034.pdf,0
1035.pdf,0
1036.pdf,1
1037.pdf,0
1038.pdf,1
1039.pdf,0
1040.pdf,0
1041.pdf,0
1042.pdf,1
1043.pdf,0
1044.pdf,0
1045.pdf,0
1046.pdf,0
1047.pdf,0
1048.pdf,1
1049.pdf,1
1050.pdf,0
1051.pdf,1
1052.pdf,1
1053.pdf,0
1054.pdf,0
1055.pdf,1
1056.pdf,0
1057.pdf,1
1058.pdf,1
1059.pdf,0
1060.pdf,0
1061.pdf,0
1062.pdf,0
1063.pdf,1
1064.pdf,0
1065.pdf,0
1066.pdf,0
1067.pdf,0
1068.pdf,1
1069.pdf,0
1070.pdf,0
1071.pdf,0
1072.pdf,0
1073.pdf,0
1074.pdf,0
1075.pdf,0
1076.pdf,0
1077.pdf,0
1078.pdf,1
1079.pdf,1
1080.pdf,0
1081.pdf,0
1082.pdf,0
1083.pdf,0
1084.pdf,1
1085.pdf,0
1086.pdf,0
1087.pdf,0
1088.pdf,1
1089.pdf,0
1090.pdf,0
1091.pdf,1
1092.pdf,0
1093.pdf,1
1094.pdf,1
1095.pdf,1
1096.pdf,0
1097.pdf,1
1098.pdf,1
1099.pdf,0
1100.pdf,1
1101.pdf,0
1102.pdf,1
1103.pdf,0
1104.pdf,1
1105.pdf,0
1106.pdf,1
1107.pdf,1
1108.pdf,0
1109.pdf,0
1110.pdf,0
1111.pdf,0
1112.pdf,1
1113.pdf,1
1114.pdf,0
1115.pdf,1
1116.pdf,0
1117.pdf,1
1118.pdf,1
1119.pdf,0
1120.pdf,0
1121.pdf,0
1122.pdf,0
1123.pdf,0
1124.pdf,1
1125.pdf,0
1126.pdf,0
1127.pdf,1
1128.pdf,1
1129.pdf,1
1130.pdf,1
1131.pdf,0
1132.pdf,1
1133.pdf,0
1134.pdf,1
1135.pdf,0
1136.pdf,0
1137.pdf,0
1138.pdf,1
1139.pdf,0
1140.pdf,1
1141.pdf,0
1142.pdf,0
1143.pdf,0
1144.pdf,1
1145.pdf,0
1146.pdf,0
1147.pdf,0
1148.pdf,1
1149.pdf,0
1150.pdf,1
1151.pdf,0
1152.pdf,1
1153.pdf,0
1154.pdf,0
1155.pdf,0
1156.pdf,0
1157.pdf,0
1158.pdf,0
1159.pdf,0
1160.pdf,0
1161.pdf,0
1162.pdf,0
1163.pdf,1
1164.pdf,0
1165.pdf,0
1166.pdf,0
1167.pdf,0
1168.pdf,0
1169.pdf,0
1170.pdf,1
1171.pdf,0
1172.pdf,0
1173.pdf,1
1174.pdf,0
1175.pdf,0
1176.pdf,0
1177.pdf,1
1178.pdf,1
1179.pdf,0
1180.pdf,1
1181.pdf,0
1182.pdf,0
1183.pdf,1
1184.pdf,0
1185.pdf,1
1186.pdf,1
1187.pdf,1
1188.pdf,1
1189.pdf,0
1190.pdf,1
1191.pdf,1
1192.pdf,0
1193.pdf,0
1194.pdf,0
1195.pdf,0
1196.pdf,1
1197.pdf,0
1198.pdf,1
1199.pdf,0
1200.pdf,1
1201.pdf,1
1202.pdf,0
1203.pdf,0
1204.pdf,0
1205.pdf,1
1206.pdf,0
1207.pdf,1
1208.pdf,0
1209.pdf,0
1210.pdf,0
1211.pdf,1
1212.pdf,1
1213.pdf,0
1214.pdf,1
1215.pdf,1
1216.pdf,1
1217.pdf,0
1218.pdf,0
1219.pdf,1
1220.pdf,1
1221.pdf,0
1222.pdf,1
1223.pdf,0
1224.pdf,1
1225.pdf,0
1226.pdf,1
1227.pdf,1
1228.pdf,0
1229.pdf,0
1230.pdf,0
1231.pdf,0
1232.pdf,1
1233.pdf,1
1234.pdf,1
1235.pdf,0
1236.pdf,1
1237.pdf,0
1238.pdf,1
1239.pdf,0
1240.pdf,1
1241.pdf,1
1242.pdf,0
1243.pdf,1
1244.pdf,0
1245.pdf,0
1246.pdf,0
1247.pdf,0
1248.pdf,1
1249.pdf,0
1250.pdf,0
1251.pdf,1
1252.pdf,0
1253.pdf,0
1254.pdf,1
1255.pdf,1
1256.pdf,1
1257.pdf,1
1258.pdf,0
1259.pdf,1
1260.pdf,0
1261.pdf,0
1262.pdf,1
1263.pdf,0
1264.pdf,1
1265.pdf,1
1266.pdf,0
1267.pdf,1
1268.pdf,0
1269.pdf,0
1270.pdf,0
1271.pdf,0
1272.pdf,0
1273.pdf,1
1274.pdf,0
1275.pdf,1
1276.pdf,0
1277.pdf,1
1278.pdf,0
1279.pdf,1
1280.pdf,0
1281.pdf,1
1282.pdf,1
1283.pdf,0
1284.pdf,0
1285.pdf,0
1286.pdf,1
1287.pdf,0
1288.pdf,1
1289.pdf,0
1290.pdf,1
1291.pdf,0
1292.pdf,0
1293.pdf,0
1294.pdf,1
1295.pdf,0
1296.pdf,1
1297.pdf,0
1298.pdf,1
1299.pdf,0
1300.pdf,0
1301.pdf,0
1302.pdf,1
1303.pdf,0
1304.pdf,0
1305.pdf,0
1306.pdf,1
1307.pdf,0
1308.pdf,0
1309.pdf,1
1310.pdf,0
1311.pdf,1
1312.pdf,1
1313.pdf,0
1314.pdf,0
1315.pdf,1
1316.pdf,1
1317.pdf,1
1318.pdf,1
1319.pdf,0
1320.pdf,1
1321.pdf,0
1322.pdf,1
1323.pdf,0
1324.pdf,1
1325.pdf,0
1326.pdf,0
1327.pdf,0
1328.pdf,0
1329.pdf,1
1330.pdf,0
1331.pdf,0
1332.pdf,1
1333.pdf,0
1334.pdf,0
1335.pdf,1
1336.pdf,1
1337.pdf,0
1338.pdf,1
1339.pdf,0
1340.pdf,0
1341.pdf,1
1342.pdf,1
1343.pdf,0
1344.pdf,0
1345.pdf,0
1346.pdf,1
1347.pdf,1
1348.pdf,1
1349.pdf,1
1350.pdf,0
1351.pdf,0
1352.pdf,0
1353.pdf,1
1354.pdf,0
1355.pdf,0
1356.pdf,0
1357.pdf,0
1358.pdf,1
1359.pdf,1
1360.pdf,0
1361.pdf,0
1362.pdf,1
1363.pdf,1
1364.pdf,0
1365.pdf,0
1366.pdf,0
1367.pdf,1
1368.pdf,0
1369.pdf,0
1370.pdf,0
1371.pdf,0
1372.pdf,1
1373.pdf,1
1374.pdf,0
1375.pdf,1
1376.pdf,1
1377.pdf,1
1378.pdf,0
1379.pdf,0
1380.pdf,0
1381.pdf,0
1382.pdf,1
1383.pdf,0
1384.pdf,1
1385.pdf,0
1386.pdf,0
1387.pdf,1
1388.pdf,1
1389.pdf,0
1390.pdf,0
1391.pdf,0
1392.pdf,0
1393.pdf,0
1394.pdf,0
1395.pdf,1
1396.pdf,0
1397.pdf,0
1398.pdf,1
1399.pdf,0
1400.pdf,1
1401.pdf,1
1402.pdf,1
1403.pdf,0
1404.pdf,0
1405.pdf,0
1406.pdf,0
1407.pdf,0
1408.pdf,0
1409.pdf,0
1410.pdf,1
1411.pdf,0
1412.pdf,0
1413.pdf,1
1414.pdf,1
1415.pdf,0
1416.pdf,0
1417.pdf,1
1418.pdf,0
1419.pdf,1
1420.pdf,0
1421.pdf,0
1422.pdf,1
1423.pdf,1
1424.pdf,1
1425.pdf,1
1426.pdf,1
1427.pdf,1
1428.pdf,0
1429.pdf,0
1430.pdf,1
1431.pdf,0
1432.pdf,0
1433.pdf,1
1434.pdf,1
1435.pdf,1
1436.pdf,1
1437.pdf,0
1438.pdf,1
1439.pdf,1
1440.pdf,0
1441.pdf,1
1442.pdf,0
1443.pdf,0
1444.pdf,0
1445.pdf,1
1446.pdf,0
1447.pdf,0
1448.pdf,0
1449.pdf,1
1450.pdf,0
1451.pdf,1
1452.pdf,1
1453.pdf,0
1454.pdf,0
1455.pdf,1
1456.pdf,0
1457.pdf,1
1458.pdf,1
1459.pdf,1
1460.pdf,0
1461.pdf,0
1462.pdf,1
1463.pdf,0
1464.pdf,0
1465.pdf,0
1466.pdf,1
1467.pdf,0
1468.pdf,0
1469.pdf,0
1470.pdf,1
1471.pdf,1
1472.pdf,0
1473.pdf,0
1474.pdf,0
1475.pdf,0
1476.pdf,1
1477.pdf,0
1478.pdf,1
1479.pdf,1
1480.pdf,0
1481.pdf,1
1482.pdf,0
1483.pdf,0
1484.pdf,0
1485.pdf,1
1486.pdf,0
1487.pdf,1
1488.pdf,0
1489.pdf,1
1490.pdf,0
1491.pdf,0
1492.pdf,0
1493.pdf,1
1494.pdf,0
1495.pdf,0
1496.pdf,1
1497.pdf,0
1498.pdf,1
1499.pdf,0
1500.pdf,1
1501.pdf,1
1502.pdf,1
1503.pdf,0
1504.pdf,1
1505.pdf,0
1506.pdf,0
1507.pdf,1
1508.pdf,0
1509.pdf,1
1510.pdf,0
1511.pdf,1
1512.pdf,1
1513.pdf,0
1514.pdf,0
1515.pdf,1
1516.pdf,1
1517.pdf,0
1518.pdf,1
1519.pdf,1
1520.pdf,0
1521.pdf,1
1522.pdf,0
1523.pdf,1
1524.pdf,0
1525.pdf,1
1526.pdf,1
1527.pdf,0
1528.pdf,0
1529.pdf,0
1530.pdf,1
1531.pdf,0
1532.pdf,0
1533.pdf,1
1534.pdf,1
1535.pdf,0
1536.pdf,0
1537.pdf,0
1538.pdf,1
1539.pdf,1
1540.pdf,1
1541.pdf,1
1542.pdf,0
1543.pdf,0
1544.pdf,0
1545.pdf,1
1546.pdf,1
1547.pdf,0
1548.pdf,0
1549.pdf,1
1550.pdf,0
1551.pdf,0
1552.pdf,0
1553.pdf,0
1554.pdf,0
1555.pdf,0
1556.pdf,0
1557.pdf,1
1558.pdf,0
1559.pdf,0
1560.pdf,0
1561.pdf,1
1562.pdf,0
1563.pdf,0
1564.pdf,1
1565.pdf,1
1566.pdf,0
1567.pdf,1
1568.pdf,0
1569.pdf,1
1570.pdf,0
1571.pdf,0
1572.pdf,1
1573.pdf,1
1574.pdf,0
1575.pdf,0
1576.pdf,1
1577.pdf,0
1578.pdf,1
1579.pdf,1
1580.pdf,0
1581.pdf,1
1582.pdf,0
1583.pdf,0
1584.pdf,1
1585.pdf,0
1586.pdf,1
1587.pdf,0
1588.pdf,1
1589.pdf,1
1590.pdf,0
1591.pdf,1
1592.pdf,0
1593.pdf,1
1594.pdf,0
1595.pdf,1
1596.pdf,0
1597.pdf,1
1598.pdf,0
1599.pdf,0
1600.pdf,1
1601.pdf,0
1602.pdf,1
1603.pdf,0
1604.pdf,1
1605.pdf,0
1606.pdf,1
1607.pdf,0
1608.pdf,0
1609.pdf,1
1610.pdf,0
1611.pdf,0
1612.pdf,0
1613.pdf,0
1614.pdf,1
1615.pdf,1
1616.pdf,0
1617.pdf,0
1618.pdf,1
1619.pdf,0
1620.pdf,1
1621.pdf,0
1622.pdf,0
1623.pdf,0
1624.pdf,1
1625.pdf,0
1626.pdf,1
1627.pdf,1
1628.pdf,0
1629.pdf,0
1630.pdf,1
1631.pdf,0
1632.pdf,0
1633.pdf,0
1634.pdf,0
1635.pdf,0
1636.pdf,0
1637.pdf,0
1638.pdf,0
1639.pdf,0
1640.pdf,0
1641.pdf,1
1642.pdf,1
1643.pdf,0
1644.pdf,1
1645.pdf,1
1646.pdf,1
1647.pdf,1
1648.pdf,0
1649.pdf,0
1650.pdf,1
1651.pdf,0
1652.pdf,0
1653.pdf,0
1654.pdf,0
1655.pdf,0
1656.pdf,0
1657.pdf,1
1658.pdf,1
1659.pdf,0
1660.pdf,0
1661.pdf,1
1662.pdf,1
1663.pdf,1
1664.pdf,1
1665.pdf,1
1666.pdf,0
1667.pdf,0
1668.pdf,0
1669.pdf,0
1670.pdf,1
1671.pdf,0
1672.pdf,0
1673.pdf,1
1674.pdf,0
1675.pdf,1
1676.pdf,0
1677.pdf,0
1678.pdf,0
1679.pdf,0
1680.pdf,0
1681.pdf,0
1682.pdf,0
1683.pdf,0
1684.pdf,0
1685.pdf,1
1686.pdf,0
1687.pdf,0
1688.pdf,1
1689.pdf,1
1690.pdf,0
1691.pdf,1
1692.pdf,1
1693.pdf,1
1694.pdf,1
1695.pdf,0
1696.pdf,0
1697.pdf,0
1698.pdf,1
1699.pdf,1
1700.pdf,0
1701.pdf,0
1702.pdf,0
1703.pdf,0
1704.pdf,0
1705.pdf,0
1706.pdf,1
1707.pdf,1
1708.pdf,1
1709.pdf,1
1710.pdf,0
1711.pdf,1
1712.pdf,0
1713.pdf,1
1714.pdf,0
1715.pdf,0
1716.pdf,0
1717.pdf,1
1718.pdf,0
1719.pdf,0
1720.pdf,0
1721.pdf,1
1722.pdf,0
1723.pdf,0
1724.pdf,0
1725.pdf,0
1726.pdf,1
1727.pdf,0
1728.pdf,0
1729.pdf,0
1730.pdf,1
1731.pdf,1
1732.pdf,1
1733.pdf,1
1734.pdf,0
1735.pdf,1
1736.pdf,0
1737.pdf,1
1738.pdf,0
1739.pdf,1
1740.pdf,0
1741.pdf,0
1742.pdf,0
1743.pdf,0
1744.pdf,0
1745.pdf,1
1746.pdf,0
1747.pdf,0
1748.pdf,0
1749.pdf,0
1750.pdf,0
1751.pdf,1
1752.pdf,1
1753.pdf,0
1754.pdf,1
1755.pdf,0
1756.pdf,0
1757.pdf,0
1758.pdf,0
1759.pdf,1
1760.pdf,1
1761.pdf,0
1762.pdf,0
1763.pdf,0
1764.pdf,0
1765.pdf,0
1766.pdf,0
1767.pdf,0
1768.pdf,1
1769.pdf,0
1770.pdf,1
1771.pdf,1
1772.pdf,0
1773.pdf,0
1774.pdf,1
1775.pdf,0
1776.pdf,0
1777.pdf,0
1778.pdf,0
1779.pdf,0
1780.pdf,1
1781.pdf,1
1782.pdf,1
1783.pdf,1
1784.pdf,0
1785.pdf,0
1786.pdf,0
1787.pdf,0
1788.pdf,0
1789.pdf,0
1790.pdf,1
1791.pdf,0
1792.pdf,0
1793.pdf,0
1794.pdf,0
1795.pdf,0
1796.pdf,0
1797.pdf,1
1798.pdf,0
1799.pdf,0
1800.pdf,0
1801.pdf,0
1802.pdf,0
1803.pdf,0
1804.pdf,1
1805.pdf,0
1806.pdf,1
1807.pdf,1
1808.pdf,0
1809.pdf,0
1810.pdf,0
1811.pdf,0
1812.pdf,1
1813.pdf,1
1814.pdf,1
1815.pdf,0
1816.pdf,0
1817.pdf,0
1818.pdf,0
1819.pdf,1
1820.pdf,1
1821.pdf,0
1822.pdf,0
1823.pdf,0
1824.pdf,1
1825.pdf,1
1826.pdf,0
1827.pdf,1
1828.pdf,1
1829.pdf,0
1830.pdf,1
1831.pdf,1
1832.pdf,1
1833.pdf,0
1834.pdf,1
1835.pdf,0
1836.pdf,1
1837.pdf,0
1838.pdf,1
1839.pdf,0
1840.pdf,0
1841.pdf,0
1842.pdf,0
1843.pdf,1
1844.pdf,0
1845.pdf,1
1846.pdf,0
1847.pdf,0
1848.pdf,1
1849.pdf,1
1850.pdf,1
1851.pdf,0
1852.pdf,0
1853.pdf,1
1854.pdf,1
1855.pdf,1
1856.pdf,0
1857.pdf,1
1858.pdf,1
1859.pdf,0
1860.pdf,1
1861.pdf,0
1862.pdf,1
1863.pdf,1
1864.pdf,1
1865.pdf,0
1866.pdf,1
1867.pdf,0
1868.pdf,0
1869.pdf,1
1870.pdf,0
1871.pdf,0
1872.pdf,0
1873.pdf,1
1874.pdf,0
1875.pdf,0
1876.pdf,0
1877.pdf,1
1878.pdf,0
1879.pdf,0
1880.pdf,1
1881.pdf,0
1882.pdf,1
1883.pdf,0
1884.pdf,0
1885.pdf,0
1886.pdf,0
1887.pdf,0
1888.pdf,1
1889.pdf,0
1890.pdf,0
1891.pdf,0
1892.pdf,1
1893.pdf,1
1894.pdf,0
1895.pdf,1
1896.pdf,0
1897.pdf,0
1898.pdf,0
1899.pdf,0
1900.pdf,0
1901.pdf,1
1902.pdf,0
1903.pdf,1
1904.pdf,0
1905.pdf,1
1906.pdf,0
1907.pdf,1
1908.pdf,0
1909.pdf,0
1910.pdf,0
1911.pdf,0
1912.pdf,0
1913.pdf,0
1914.pdf,1
1915.pdf,1
1916.pdf,0
1917.pdf,0
1918.pdf,1
1919.pdf,1
1920.pdf,1
1921.pdf,1
1922.pdf,0
1923.pdf,0
1924.pdf,1
1925.pdf,1
1926.pdf,0
1927.pdf,0
1928.pdf,0
1929.pdf,1
1930.pdf,0
1931.pdf,1
1932.pdf,0
1933.pdf,0
1934.pdf,0
1935.pdf,1
1936.pdf,1
1937.pdf,0
1938.pdf,0
1939.pdf,1
1940.pdf,1
1941.pdf,1
1942.pdf,0
1943.pdf,0
1944.pdf,1
1945.pdf,0
1946.pdf,0
1947.pdf,1
1948.pdf,1
1949.pdf,0
1950.pdf,0
1951.pdf,1
1952.pdf,0
1953.pdf,0
1954.pdf,0
1955.pdf,1
1956.pdf,1
1957.pdf,0
1958.pdf,0
1959.pdf,1
1960.pdf,0
1961.pdf,0
1962.pdf,0
1963.pdf,0
1964.pdf,1
1965.pdf,0
1966.pdf,0
1967.pdf,0
1968.pdf,0
1969.pdf,0
1970.pdf,0
1971.pdf,0
1972.pdf,1
1973.pdf,0
1974.pdf,0
1975.pdf,0
1976.pdf,0
1977.pdf,1
1978.pdf,1
1979.pdf,1
1980.pdf,0
1981.pdf,1
1982.pdf,1
1983.pdf,0
1984.pdf,1
1985.pdf,0
1986.pdf,0
1987.pdf,0
1988.pdf,1
1989.pdf,0
1990.pdf,0
1991.pdf,0
1992.pdf,0
1993.pdf,0
1994.pdf,1
1995.pdf,0
1996.pdf,0
1997.pdf,0
1998.pdf,0
1999.pdf,0
2000.pdf,1
2001.pdf,1
2002.pdf,0
2003.pdf,0
2004.pdf,0
2005.pdf,0
2006.pdf,0
2007.pdf,1
2008.pdf,0
2009.pdf,0
2010.pdf,0
2011.pdf,0
2012.pdf,0
2013.pdf,1
2014.pdf,1
2015.pdf,0
2016.pdf,0
2017.pdf,0
2018.pdf,0
2019.pdf,0
2020.pdf,0
2021.pdf,0
2022.pdf,0
2023.pdf,1
2024.pdf,1
2025.pdf,1
2026.pdf,1
2027.pdf,1
2028.pdf,1
2029.pdf,0
2030.pdf,0
2031.pdf,0
2032.pdf,0
2033.pdf,0
2034.pdf,0
2035.pdf,1
2036.pdf,0
2037.pdf,1
2038.pdf,1
2039.pdf,0
2040.pdf,0
2041.pdf,1
2042.pdf,0
2043.pdf,0
2044.pdf,0
2045.pdf,1
2046.pdf,0
2047.pdf,0
2048.pdf,0
2049.pdf,1
2050.pdf,0
2051.pdf,0
2052.pdf,1
2053.pdf,1
2054.pdf,0
2055.pdf,1
2056.pdf,1
2057.pdf,1
2058.pdf,1
2059.pdf,1
2060.pdf,1
2061.pdf,0
2062.pdf,0
2063.pdf,0
2064.pdf,0
2065.pdf,1
2066.pdf,0
2067.pdf,1
2068.pdf,1
2069.pdf,0
2070.pdf,0
2071.pdf,1
2072.pdf,0
2073.pdf,1
2074.pdf,0
2075.pdf,0
2076.pdf,1
2077.pdf,0
2078.pdf,0
2079.pdf,0
2080.pdf,1
2081.pdf,0
2082.pdf,0
2083.pdf,0
2084.pdf,0
2085.pdf,1
2086.pdf,0
2087.pdf,0
2088.pdf,0
2089.pdf,0
2090.pdf,1
2091.pdf,0
2092.pdf,1
2093.pdf,1
2094.pdf,0
2095.pdf,1
2096.pdf,0
2097.pdf,0
2098.pdf,0
2099.pdf,1
2100.pdf,0
2101.pdf,0
2102.pdf,0
2103.pdf,0
2104.pdf,0
2105.pdf,0
2106.pdf,1
2107.pdf,1
2108.pdf,1
2109.pdf,1
2110.pdf,0
2111.pdf,0
2112.pdf,0
2113.pdf,0
2114.pdf,0
2115.pdf,1
2116.pdf,1
2117.pdf,0
2118.pdf,0
2119.pdf,0
2120.pdf,1
2121.pdf,0
2122.pdf,0
2123.pdf,1
2124.pdf,1
2125.pdf,0
2126.pdf,1
2127.pdf,0
2128.pdf,0
2129.pdf,0
2130.pdf,0
2131.pdf,0
2132.pdf,0
2133.pdf,0
2134.pdf,1
2135.pdf,0
2136.pdf,1
2137.pdf,0
2138.pdf,0
2139.pdf,1
2140.pdf,0
2141.pdf,0
2142.pdf,1
2143.pdf,0
2144.pdf,1
2145.pdf,0
2146.pdf,0
2147.pdf,0
2148.pdf,0
2149.pdf,0
2150.pdf,1
2151.pdf,0
2152.pdf,0
2153.pdf,0
2154.pdf,0
2155.pdf,0
2156.pdf,0
2157.pdf,1
2158.pdf,1
2159.pdf,0
2160.pdf,0
2161.pdf,0
2162.pdf,1
2163.pdf,0
2164.pdf,1
2165.pdf,0
2166.pdf,1
2167.pdf,0
2168.pdf,1
2169.pdf,1
2170.pdf,1
2171.pdf,1
2172.pdf,1
2173.pdf,1
2174.pdf,1
2175.pdf,0
2176.pdf,0
2177.pdf,0
2178.pdf,1
2179.pdf,0
2180.pdf,0
2181.pdf,1
2182.pdf,1
2183.pdf,0
2184.pdf,1
2185.pdf,1
2186.pdf,0
2187.pdf,0
2188.pdf,1
2189.pdf,1
2190.pdf,0
2191.pdf,0
2192.pdf,0
2193.pdf,0
2194.pdf,1
2195.pdf,1
2196.pdf,1
2197.pdf,1
2198.pdf,1
2199.pdf,1
2200.pdf,0
2201.pdf,1
2202.pdf,0
2203.pdf,1
2204.pdf,0
2205.pdf,0
2206.pdf,1
2207.pdf,0
2208.pdf,0
2209.pdf,0
2210.pdf,1
2211.pdf,0
2212.pdf,1
2213.pdf,0
2214.pdf,0
2215.pdf,1
2216.pdf,1
2217.pdf,1
2218.pdf,0
2219.pdf,0
2220.pdf,1
2221.pdf,1
2222.pdf,0
2223.pdf,0
2224.pdf,0
2225.pdf,1
2226.pdf,0
2227.pdf,0
2228.pdf,1
2229.pdf,0
2230.pdf,1
2231.pdf,0
2232.pdf,0
2233.pdf,0
2234.pdf,0
2235.pdf,1
2236.pdf,1
2237.pdf,0
2238.pdf,0
2239.pdf,0
2240.pdf,0
2241.pdf,1
2242.pdf,1
2243.pdf,0
2244.pdf,1
2245.pdf,1
2246.pdf,0
2247.pdf,0
2248.pdf,1
2249.pdf,0
2250.pdf,1
2251.pdf,0
2252.pdf,0
2253.pdf,0
2254.pdf,1
2255.pdf,0
2256.pdf,1
2257.pdf,0
2258.pdf,1
2259.pdf,0
2260.pdf,1
2261.pdf,1
2262.pdf,0
2263.pdf,0
2264.pdf,0
2265.pdf,1
2266.pdf,0
2267.pdf,0
2268.pdf,0
2269.pdf,0
2270.pdf,1
2271.pdf,0
2272.pdf,0
2273.pdf,1
2274.pdf,1
2275.pdf,1
2276.pdf,0
2277.pdf,0
2278.pdf,0
2279.pdf,1
2280.pdf,0
2281.pdf,0
2282.pdf,1
2283.pdf,0
2284.pdf,1
2285.pdf,0
2286.pdf,0
2287.pdf,1
2288.pdf,1
2289.pdf,1
2290.pdf,0
2291.pdf,1
2292.pdf,0
2293.pdf,0
2294.pdf,0
2295.pdf,1
2296.pdf,0
2297.pdf,1
2298.pdf,0
2299.pdf,0
2300.pdf,1
2301.pdf,0
2302.pdf,1
2303.pdf,0
2304.pdf,1
2305.pdf,0
2306.pdf,0
2307.pdf,1
2308.pdf,1
2309.pdf,1
2310.pdf,0
2311.pdf,0
2312.pdf,1
2313.pdf,0
2314.pdf,0
2315.pdf,1
2316.pdf,1
2317.pdf,1
2318.pdf,1
2319.pdf,0
2320.pdf,1
2321.pdf,0
2322.pdf,0
2323.pdf,0
2324.pdf,1
2325.pdf,1
2326.pdf,0
2327.pdf,1
2328.pdf,0
2329.pdf,0
2330.pdf,1
2331.pdf,0
2332.pdf,0
2333.pdf,0
2334.pdf,1
2335.pdf,1
2336.pdf,0
2337.pdf,1
2338.pdf,0
2339.pdf,1
2340.pdf,1
2341.pdf,0
2342.pdf,1
2343.pdf,1
2344.pdf,1
2345.pdf,1
2346.pdf,0
2347.pdf,0
2348.pdf,1
2349.pdf,0
2350.pdf,1
2351.pdf,1
2352.pdf,0
2353.pdf,1
2354.pdf,0
2355.pdf,1
2356.pdf,1
2357.pdf,0
2358.pdf,0
2359.pdf,1
2360.pdf,1
2361.pdf,0
2362.pdf,0
2363.pdf,0
2364.pdf,0
2365.pdf,1
2366.pdf,1
2367.pdf,0
2368.pdf,1
2369.pdf,0
2370.pdf,1
2371.pdf,0
2372.pdf,0
2373.pdf,0
2374.pdf,0
2375.pdf,1
2376.pdf,0
2377.pdf,1
2378.pdf,1
2379.pdf,1
2380.pdf,0
2381.pdf,1
2382.pdf,1
2383.pdf,1
2384.pdf,1
2385.pdf,1
2386.pdf,0
2387.pdf,0
2388.pdf,1
2389.pdf,0
2390.pdf,0
2391.pdf,0
2392.pdf,0
2393.pdf,1
2394.pdf,0
2395.pdf,0
2396.pdf,0
2397.pdf,0
2398.pdf,0
2399.pdf,0
2400.pdf,0
2401.pdf,0
2402.pdf,1
2403.pdf,1
2404.pdf,0
2405.pdf,0
2406.pdf,0
2407.pdf,0
2408.pdf,0
2409.pdf,0
2410.pdf,0
2411.pdf,1
2412.pdf,0
2413.pdf,0
2414.pdf,1
2415.pdf,0
2416.pdf,0
2417.pdf,0
2418.pdf,1
2419.pdf,0
2420.pdf,0
2421.pdf,0
2422.pdf,1
2423.pdf,0
2424.pdf,0
2425.pdf,0
2426.pdf,0
2427.pdf,0
2428.pdf,0
2429.pdf,0
2430.pdf,1
2431.pdf,1
2432.pdf,0
2433.pdf,1
2434.pdf,1
2435.pdf,1
2436.pdf,0
2437.pdf,0
2438.pdf,0
2439.pdf,0
2440.pdf,0
2441.pdf,1
2442.pdf,0
2443.pdf,0
2444.pdf,1
2445.pdf,0
2446.pdf,0
2447.pdf,0
2448.pdf,0
2449.pdf,0
2450.pdf,0
2451.pdf,1
2452.pdf,1
2453.pdf,0
2454.pdf,1
2455.pdf,1
2456.pdf,1
2457.pdf,0
2458.pdf,0
2459.pdf,0
2460.pdf,0
2461.pdf,0
2462.pdf,1
2463.pdf,1
2464.pdf,0
2465.pdf,1
2466.pdf,0
2467.pdf,0
2468.pdf,1
2469.pdf,0
2470.pdf,1
2471.pdf,0
2472.pdf,0
2473.pdf,1
2474.pdf,0
2475.pdf,1
2476.pdf,0
2477.pdf,0
2478.pdf,0
2479.pdf,0
2480.pdf,0
2481.pdf,0
2482.pdf,0
2483.pdf,0
2484.pdf,0
2485.pdf,0
2486.pdf,0
2487.pdf,0
2488.pdf,1
2489.pdf,1
2490.pdf,1
2491.pdf,0
2492.pdf,1
2493.pdf,0
2494.pdf,0
2495.pdf,0
2496.pdf,1
2497.pdf,0
2498.pdf,0
2499.pdf,0
2500.pdf,0
2501.pdf,0
2502.pdf,0
2503.pdf,1
2504.pdf,1
2505.pdf,0
2506.pdf,0
2507.pdf,0
2508.pdf,0
2509.pdf,0
2510.pdf,1
2511.pdf,0
2512.pdf,0
2513.pdf,0
2514.pdf,0
2515.pdf,1
2516.pdf,0
2517.pdf,0
2518.pdf,1
2519.pdf,1
2520.pdf,1
2521.pdf,0
2522.pdf,0
2523.pdf,0
2524.pdf,1
2525.pdf,0
2526.pdf,0
2527.pdf,1
2528.pdf,1
2529.pdf,0
2530.pdf,1
2531.pdf,0
2532.pdf,0
2533.pdf,1
2534.pdf,1
2535.pdf,1
2536.pdf,0
2537.pdf,0
2538.pdf,0
2539.pdf,1
2540.pdf,1
2541.pdf,1
2542.pdf,0
2543.pdf,1
2544.pdf,0
2545.pdf,1
2546.pdf,0
2547.pdf,0
2548.pdf,0
2549.pdf,0
2550.pdf,1
2551.pdf,0
2552.pdf,0
2553.pdf,0
2554.pdf,0
2555.pdf,0
2556.pdf,1
2557.pdf,0
2558.pdf,1
2559.pdf,0
2560.pdf,0
2561.pdf,1
2562.pdf,0
2563.pdf,0
2564.pdf,0
2565.pdf,1
2566.pdf,1
2567.pdf,1
2568.pdf,0
2569.pdf,1
2570.pdf,0
2571.pdf,0
2572.pdf,0
2573.pdf,0
2574.pdf,0
2575.pdf,0
2576.pdf,0
2577.pdf,0
2578.pdf,1
2579.pdf,1
2580.pdf,0
2581.pdf,1
2582.pdf,0
2583.pdf,0
2584.pdf,1
2585.pdf,0
2586.pdf,0
2587.pdf,1
2588.pdf,0
2589.pdf,1
2590.pdf,0
2591.pdf,0
2592.pdf,0
2593.pdf,1
2594.pdf,0
2595.pdf,1
2596.pdf,1
2597.pdf,1
2598.pdf,0
2599.pdf,1
2600.pdf,1
2601.pdf,0
2602.pdf,0
2603.pdf,1
2604.pdf,1
2605.pdf,0
2606.pdf,0
2607.pdf,0
2608.pdf,1
2609.pdf,1
2610.pdf,0
2611.pdf,1
2612.pdf,0
2613.pdf,0
2614.pdf,1
2615.pdf,1
2616.pdf,0
2617.pdf,1
2618.pdf,0
2619.pdf,1
2620.pdf,0
2621.pdf,0
2622.pdf,1
2623.pdf,0
2624.pdf,0
2625.pdf,0
2626.pdf,0
2627.pdf,0
2628.pdf,0
2629.pdf,0
2630.pdf,1
2631.pdf,0
2632.pdf,1
2633.pdf,0
2634.pdf,0
2635.pdf,0
2636.pdf,0
2637.pdf,1
2638.pdf,1
2639.pdf,1
2640.pdf,0
2641.pdf,0
2642.pdf,0
2643.pdf,1
2644.pdf,0
2645.pdf,0
2646.pdf,1
2647.pdf,0
2648.pdf,1
2649.pdf,0
2650.pdf,0
2651.pdf,1
2652.pdf,0
2653.pdf,0
2654.pdf,0
2655.pdf,0
2656.pdf,1
2657.pdf,0
2658.pdf,1
2659.pdf,0
2660.pdf,1
2661.pdf,0
2662.pdf,0
2663.pdf,1
2664.pdf,0
2665.pdf,1
2666.pdf,1
2667.pdf,0
2668.pdf,0
2669.pdf,0
2670.pdf,1
2671.pdf,0
2672.pdf,0
2673.pdf,1
2674.pdf,0
2675.pdf,0
2676.pdf,1
2677.pdf,0
2678.pdf,1
2679.pdf,0
2680.pdf,1
2681.pdf,0
2682.pdf,0
2683.pdf,1
2684.pdf,1
2685.pdf,1
2686.pdf,0
2687.pdf,1
2688.pdf,0
2689.pdf,0
2690.pdf,1
2691.pdf,1
2692.pdf,1
2693.pdf,0
2694.pdf,0
2695.pdf,0
2696.pdf,0
2697.pdf,0
2698.pdf,1
2699.pdf,0
2700.pdf,0
2701.pdf,0
2702.pdf,0
2703.pdf,1
2704.pdf,0
2705.pdf,0
2706.pdf,0
2707.pdf,0
2708.pdf,0
2709.pdf,0
2710.pdf,1
2711.pdf,1
2712.pdf,0
2713.pdf,0
2714.pdf,0
2715.pdf,0
2716.pdf,1
2717.pdf,0
2718.pdf,1
2719.pdf,0
2720.pdf,0
2721.pdf,1
2722.pdf,1
2723.pdf,1
2724.pdf,1
2725.pdf,0
2726.pdf,0
2727.pdf,0
2728.pdf,1
2729.pdf,0
2730.pdf,0
2731.pdf,0
2732.pdf,0
2733.pdf,1
2734.pdf,1
2735.pdf,1
2736.pdf,0
2737.pdf,1
2738.pdf,0
2739.pdf,0
2740.pdf,0
2741.pdf,0
2742.pdf,0
2743.pdf,0
2744.pdf,1
2745.pdf,0
2746.pdf,1
2747.pdf,1
2748.pdf,0
2749.pdf,0
2750.pdf,0
2751.pdf,1
2752.pdf,0
2753.pdf,0
2754.pdf,0
2755.pdf,1
2756.pdf,1
2757.pdf,0
2758.pdf,0
2759.pdf,0
2760.pdf,0
2761.pdf,1
2762.pdf,0
2763.pdf,0
2764.pdf,0
2765.pdf,0
2766.pdf,0
2767.pdf,1
2768.pdf,1
2769.pdf,0
2770.pdf,0
2771.pdf,0
2772.pdf,0
2773.pdf,1
2774.pdf,1
2775.pdf,0
2776.pdf,0
2777.pdf,0
2778.pdf,0
2779.pdf,0
2780.pdf,0
2781.pdf,1
2782.pdf,1
2783.pdf,1
2784.pdf,0
2785.pdf,0
2786.pdf,0
2787.pdf,1
2788.pdf,0
2789.pdf,1
2790.pdf,1
2791.pdf,0
2792.pdf,1
2793.pdf,0
2794.pdf,0
2795.pdf,0
2796.pdf,1
2797.pdf,1
2798.pdf,0
2799.pdf,1
2800.pdf,0
2801.pdf,1
2802.pdf,1
2803.pdf,1
2804.pdf,0
2805.pdf,0
2806.pdf,0
2807.pdf,1
2808.pdf,0
2809.pdf,0
2810.pdf,1
2811.pdf,0
2812.pdf,1
2813.pdf,0
2814.pdf,0
2815.pdf,1
2816.pdf,0
2817.pdf,1
2818.pdf,0
2819.pdf,1
2820.pdf,0
2821.pdf,0
2822.pdf,1
2823.pdf,1
2824.pdf,1
2825.pdf,1
2826.pdf,0
2827.pdf,1
2828.pdf,1
2829.pdf,0
2830.pdf,0
2831.pdf,1
2832.pdf,1
2833.pdf,1
2834.pdf,0
2835.pdf,0
2836.pdf,0
2837.pdf,0
2838.pdf,1
2839.pdf,0
2840.pdf,1
2841.pdf,0
2842.pdf,0
2843.pdf,1
2844.pdf,0
2845.pdf,0
2846.pdf,0
2847.pdf,1
2848.pdf,0
2849.pdf,1
2850.pdf,0
2851.pdf,0
2852.pdf,0
2853.pdf,0
2854.pdf,1
2855.pdf,0
2856.pdf,1
2857.pdf,1
2858.pdf,0
2859.pdf,0
2860.pdf,0
2861.pdf,1
2862.pdf,0
2863.pdf,1
2864.pdf,1
2865.pdf,1
2866.pdf,0
2867.pdf,0
2868.pdf,0
2869.pdf,1
2870.pdf,0
2871.pdf,0
2872.pdf,0
2873.pdf,0
2874.pdf,0
2875.pdf,1
2876.pdf,0
2877.pdf,0
2878.pdf,0
2879.pdf,0
2880.pdf,1
2881.pdf,0
2882.pdf,0
2883.pdf,1
2884.pdf,0
2885.pdf,0
2886.pdf,0
2887.pdf,1
2888.pdf,0
2889.pdf,0
2890.pdf,0
2891.pdf,0
2892.pdf,0
2893.pdf,0
2894.pdf,0
2895.pdf,0
2896.pdf,0
2897.pdf,0
2898.pdf,1
2899.pdf,0
2900.pdf,0
2901.pdf,0
2902.pdf,0
2903.pdf,0
2904.pdf,1
2905.pdf,0
2906.pdf,1
2907.pdf,1
2908.pdf,0
2909.pdf,1
2910.pdf,1
2911.pdf,0
2912.pdf,0
2913.pdf,1
2914.pdf,0
2915.pdf,0
2916.pdf,0
2917.pdf,0
2918.pdf,0
2919.pdf,1
2920.pdf,0
2921.pdf,1
2922.pdf,0
2923.pdf,1
2924.pdf,0
2925.pdf,1
2926.pdf,1
2927.pdf,0
2928.pdf,1
2929.pdf,0
2930.pdf,0
2931.pdf,0
2932.pdf,0
2933.pdf,0
2934.pdf,0
2935.pdf,1
2936.pdf,0
2937.pdf,0
2938.pdf,0
2939.pdf,0
2940.pdf,0
2941.pdf,1
2942.pdf,0
2943.pdf,1
2944.pdf,1
2945.pdf,0
2946.pdf,0
2947.pdf,1
2948.pdf,0
2949.pdf,0
2950.pdf,0
2951.pdf,1
2952.pdf,1
2953.pdf,1
2954.pdf,1
2955.pdf,0
2956.pdf,1
2957.pdf,1
2958.pdf,1
2959.pdf,0
2960.pdf,0
2961.pdf,1
2962.pdf,1
2963.pdf,0
2964.pdf,0
2965.pdf,0
2966.pdf,0
2967.pdf,1
2968.pdf,0
2969.pdf,0
2970.pdf,0
2971.pdf,0
2972.pdf,0
2973.pdf,0
2974.pdf,0
2975.pdf,1
2976.pdf,0
2977.pdf,0
2978.pdf,0
2979.pdf,1
2980.pdf,0
2981.pdf,0
2982.pdf,1
2983.pdf,1
2984.pdf,0
2985.pdf,0
2986.pdf,0
2987.pdf,1
2988.pdf,1
2989.pdf,0
2990.pdf,1
2991.pdf,0
2992.pdf,1
2993.pdf,1
2994.pdf,0
2995.pdf,0
2996.pdf,1
2997.pdf,1
2998.pdf,1
2999.pdf,1
3000.pdf,1
3001.pdf,0
3002.pdf,0
3003.pdf,1
3004.pdf,0
3005.pdf,0
3006.pdf,0
3007.pdf,1
3008.pdf,1
3009.pdf,1
3010.pdf,1
3011.pdf,0
3012.pdf,0
3013.pdf,0
3014.pdf,0
3015.pdf,0
3016.pdf,0
3017.pdf,0
3018.pdf,0
3019.pdf,0
3020.pdf,1
3021.pdf,0
3022.pdf,0
3023.pdf,0
3024.pdf,1
3025.pdf,0
3026.pdf,0
3027.pdf,0
3028.pdf,0
3029.pdf,0
3030.pdf,1
3031.pdf,1
3032.pdf,1
3033.pdf,0
3034.pdf,1
3035.pdf,0
3036.pdf,0
3037.pdf,1
3038.pdf,0
3039.pdf,0
3040.pdf,1
3041.pdf,0
3042.pdf,0
3043.pdf,0
3044.pdf,1
3045.pdf,1
3046.pdf,0
3047.pdf,1
3048.pdf,1
3049.pdf,0
3050.pdf,0
3051.pdf,0
3052.pdf,1
3053.pdf,0
3054.pdf,0
3055.pdf,1
3056.pdf,1
3057.pdf,1
3058.pdf,1
3059.pdf,0
3060.pdf,1
3061.pdf,1
3062.pdf,1
3063.pdf,1
3064.pdf,1
3065.pdf,0
3066.pdf,0
3067.pdf,1
3068.pdf,0
3069.pdf,0
3070.pdf,0
3071.pdf,0
3072.pdf,0
3073.pdf,0
3074.pdf,1
3075.pdf,1
3076.pdf,0
3077.pdf,0
3078.pdf,1
3079.pdf,0
3080.pdf,1
3081.pdf,1
3082.pdf,1
3083.pdf,1
3084.pdf,0
3085.pdf,0
3086.pdf,0
3087.pdf,0
3088.pdf,0
3089.pdf,1
3090.pdf,1
3091.pdf,0
3092.pdf,0
3093.pdf,1
3094.pdf,0
3095.pdf,0
3096.pdf,1
3097.pdf,0
3098.pdf,0
3099.pdf,1
3100.pdf,1
3101.pdf,0
3102.pdf,1
3103.pdf,1
3104.pdf,0
3105.pdf,0
3106.pdf,0
3107.pdf,1
3108.pdf,1
3109.pdf,1
3110.pdf,0
3111.pdf,1
3112.pdf,1
3113.pdf,1
3114.pdf,0
3115.pdf,0
3116.pdf,0
3117.pdf,0
3118.pdf,0
3119.pdf,0
3120.pdf,1
3121.pdf,0
3122.pdf,1
3123.pdf,1
3124.pdf,1
3125.pdf,1
3126.pdf,0
3127.pdf,0
3128.pdf,1
3129.pdf,0
3130.pdf,1
3131.pdf,0
3132.pdf,0
3133.pdf,0
3134.pdf,1
3135.pdf,0
3136.pdf,0
3137.pdf,1
3138.pdf,0
3139.pdf,1
3140.pdf,0
3141.pdf,0
3142.pdf,0
3143.pdf,0
3144.pdf,0
3145.pdf,0
3146.pdf,0
3147.pdf,0
3148.pdf,0
3149.pdf,0
3150.pdf,0
3151.pdf,0
3152.pdf,0
3153.pdf,0
3154.pdf,1
3155.pdf,0
3156.pdf,0
3157.pdf,1
3158.pdf,0
3159.pdf,1
3160.pdf,0
3161.pdf,1
3162.pdf,1
3163.pdf,0
3164.pdf,1
3165.pdf,1
3166.pdf,0
3167.pdf,1
3168.pdf,1
3169.pdf,1
3170.pdf,0
3171.pdf,0
3172.pdf,0
3173.pdf,1
3174.pdf,0
3175.pdf,0
3176.pdf,0
3177.pdf,1
3178.pdf,1
3179.pdf,1
3180.pdf,0
3181.pdf,0
3182.pdf,1
3183.pdf,0
3184.pdf,0
3185.pdf,0
3186.pdf,0
3187.pdf,0
3188.pdf,0
3189.pdf,0
3190.pdf,0
3191.pdf,0
3192.pdf,0
3193.pdf,0
3194.pdf,1
3195.pdf,0
3196.pdf,0
3197.pdf,0
3198.pdf,1
3199.pdf,0
3200.pdf,0
3201.pdf,0
3202.pdf,0
3203.pdf,0
3204.pdf,0
3205.pdf,0
3206.pdf,0
3207.pdf,0
3208.pdf,0
3209.pdf,0
3210.pdf,1
3211.pdf,1
3212.pdf,1
3213.pdf,1
3214.pdf,1
3215.pdf,0
3216.pdf,0
3217.pdf,1
3218.pdf,0
3219.pdf,1
3220.pdf,0
3221.pdf,0
3222.pdf,1
3223.pdf,0
3224.pdf,1
3225.pdf,1
3226.pdf,0
3227.pdf,0
3228.pdf,0
3229.pdf,1
3230.pdf,0
3231.pdf,0
3232.pdf,0
3233.pdf,0
3234.pdf,1
3235.pdf,0
3236.pdf,1
3237.pdf,0
3238.pdf,0
3239.pdf,0
3240.pdf,0
3241.pdf,0
3242.pdf,0
3243.pdf,1
3244.pdf,0
3245.pdf,1
3246.pdf,0
3247.pdf,1
3248.pdf,0
3249.pdf,1
3250.pdf,0
3251.pdf,1
3252.pdf,0
3253.pdf,0
3254.pdf,0
3255.pdf,0
3256.pdf,0
3257.pdf,1
3258.pdf,1
3259.pdf,0
3260.pdf,0
3261.pdf,1
3262.pdf,0
3263.pdf,1
3264.pdf,0
3265.pdf,0
3266.pdf,0
3267.pdf,0
3268.pdf,0
3269.pdf,1
3270.pdf,0
3271.pdf,0
3272.pdf,0
3273.pdf,0
3274.pdf,1
3275.pdf,0
3276.pdf,0
3277.pdf,1
3278.pdf,1
3279.pdf,1
3280.pdf,0
3281.pdf,1
3282.pdf,0
3283.pdf,1
3284.pdf,0
3285.pdf,0
3286.pdf,0
3287.pdf,1
3288.pdf,0
3289.pdf,1
3290.pdf,0
3291.pdf,1
3292.pdf,0
3293.pdf,1
3294.pdf,0
3295.pdf,1
3296.pdf,1
3297.pdf,1
3298.pdf,0
3299.pdf,0
3300.pdf,0
3301.pdf,0
3302.pdf,1
3303.pdf,0
3304.pdf,0
3305.pdf,1
3306.pdf,0
3307.pdf,1
3308.pdf,1
3309.pdf,1
3310.pdf,1
3311.pdf,0
3312.pdf,0
3313.pdf,1
3314.pdf,1
3315.pdf,0
3316.pdf,1
3317.pdf,0
3318.pdf,0
3319.pdf,0
3320.pdf,1
3321.pdf,1
3322.pdf,0
3323.pdf,0
3324.pdf,0
3325.pdf,1
3326.pdf,0
3327.pdf,0
3328.pdf,0
3329.pdf,0
3330.pdf,0
3331.pdf,1
3332.pdf,1
3333.pdf,0
3334.pdf,1
3335.pdf,1
3336.pdf,0
3337.pdf,0
3338.pdf,0
3339.pdf,0
3340.pdf,0
3341.pdf,1
3342.pdf,0
3343.pdf,1
3344.pdf,0
3345.pdf,1
3346.pdf,0
3347.pdf,1
3348.pdf,0
3349.pdf,0
3350.pdf,0
3351.pdf,1
3352.pdf,0
3353.pdf,1
3354.pdf,0
3355.pdf,1
3356.pdf,0
3357.pdf,0
3358.pdf,0
3359.pdf,0
3360.pdf,0
3361.pdf,1
3362.pdf,1
3363.pdf,0
3364.pdf,1
3365.pdf,1
3366.pdf,1
3367.pdf,0
3368.pdf,1
3369.pdf,0
3370.pdf,0
3371.pdf,1
3372.pdf,0
3373.pdf,0
3374.pdf,1
3375.pdf,0
3376.pdf,1
3377.pdf,1
3378.pdf,0
3379.pdf,1
3380.pdf,1
3381.pdf,0
3382.pdf,0
3383.pdf,0
3384.pdf,0
3385.pdf,0
3386.pdf,0
3387.pdf,0
3388.pdf,0
3389.pdf,0
3390.pdf,0
3391.pdf,0
3392.pdf,1
3393.pdf,1
3394.pdf,1
3395.pdf,0
3396.pdf,0
3397.pdf,1
3398.pdf,1
3399.pdf,0
3400.pdf,1
3401.pdf,0
3402.pdf,0
3403.pdf,0
3404.pdf,0
3405.pdf,0
3406.pdf,0
3407.pdf,0
3408.pdf,0
3409.pdf,1
3410.pdf,0
3411.pdf,0
3412.pdf,1
3413.pdf,1
3414.pdf,0
3415.pdf,0
3416.pdf,0
3417.pdf,1
3418.pdf,0
3419.pdf,1
3420.pdf,1
3421.pdf,0
3422.pdf,1
3423.pdf,1
3424.pdf,0
3425.pdf,0
3426.pdf,1
3427.pdf,0
3428.pdf,0
3429.pdf,1
3430.pdf,0
3431.pdf,0
3432.pdf,1
3433.pdf,0
3434.pdf,0
3435.pdf,0
3436.pdf,1
3437.pdf,0
3438.pdf,1
3439.pdf,0
3440.pdf,1
3441.pdf,1
3442.pdf,1
3443.pdf,0
3444.pdf,0
3445.pdf,0
3446.pdf,0
3447.pdf,0
3448.pdf,1
3449.pdf,0
3450.pdf,0
3451.pdf,0
3452.pdf,1
3453.pdf,1
3454.pdf,0
3455.pdf,1
3456.pdf,0
3457.pdf,1
3458.pdf,1
3459.pdf,1
3460.pdf,0
3461.pdf,0
3462.pdf,1
3463.pdf,0
3464.pdf,1
3465.pdf,0
3466.pdf,0
3467.pdf,1
3468.pdf,0
3469.pdf,0
3470.pdf,1
3471.pdf,0
3472.pdf,0
3473.pdf,1
3474.pdf,0
3475.pdf,0
3476.pdf,0
3477.pdf,0
3478.pdf,0
3479.pdf,0
3480.pdf,1
3481.pdf,1
3482.pdf,1
3483.pdf,1
3484.pdf,0
3485.pdf,1
3486.pdf,0
3487.pdf,1
3488.pdf,1
3489.pdf,0
3490.pdf,1
3491.pdf,1
3492.pdf,1
3493.pdf,0
3494.pdf,0
3495.pdf,0
3496.pdf,1
3497.pdf,0
3498.pdf,0
3499.pdf,0
3500.pdf,1
3501.pdf,1
3502.pdf,0
3503.pdf,1
3504.pdf,0
3505.pdf,0
3506.pdf,1
3507.pdf,1
3508.pdf,1
3509.pdf,0
3510.pdf,0
3511.pdf,0
3512.pdf,0
3513.pdf,0
3514.pdf,1
3515.pdf,1
3516.pdf,1
3517.pdf,0
3518.pdf,1
3519.pdf,1
3520.pdf,0
3521.pdf,0
3522.pdf,0
3523.pdf,1
3524.pdf,1
3525.pdf,1
3526.pdf,0
3527.pdf,1
3528.pdf,0
3529.pdf,1
3530.pdf,1
3531.pdf,1
3532.pdf,0
3533.pdf,1
3534.pdf,1
3535.pdf,0
3536.pdf,0
3537.pdf,0
3538.pdf,1
3539.pdf,0
3540.pdf,1
3541.pdf,0
3542.pdf,1
3543.pdf,1
3544.pdf,1
3545.pdf,1
3546.pdf,0
3547.pdf,1
3548.pdf,0
3549.pdf,0
3550.pdf,1
3551.pdf,1
3552.pdf,1
3553.pdf,0
3554.pdf,1
3555.pdf,0
3556.pdf,0
3557.pdf,0
3558.pdf,0
3559.pdf,1
3560.pdf,0
3561.pdf,0
3562.pdf,0
3563.pdf,1
3564.pdf,1
3565.pdf,1
3566.pdf,1
3567.pdf,0
3568.pdf,0
3569.pdf,0
3570.pdf,0
3571.pdf,1
3572.pdf,1
3573.pdf,0
3574.pdf,0
3575.pdf,1
3576.pdf,1
3577.pdf,1
3578.pdf,1
3579.pdf,0
3580.pdf,1
3581.pdf,0
3582.pdf,1
3583.pdf,0
3584.pdf,1
3585.pdf,1
3586.pdf,0
3587.pdf,1
3588.pdf,1
3589.pdf,0
3590.pdf,0
3591.pdf,0
3592.pdf,0
3593.pdf,0
3594.pdf,1
3595.pdf,0
3596.pdf,0
3597.pdf,1
3598.pdf,0
3599.pdf,0
3600.pdf,0
3601.pdf,0
3602.pdf,1
3603.pdf,1
3604.pdf,0
3605.pdf,0
3606.pdf,0
3607.pdf,0
3608.pdf,0
3609.pdf,1
3610.pdf,0
3611.pdf,0
3612.pdf,1
3613.pdf,0
3614.pdf,1
3615.pdf,1
3616.pdf,1
3617.pdf,1
3618.pdf,0
3619.pdf,0
3620.pdf,0
3621.pdf,0
3622.pdf,0
3623.pdf,1
3624.pdf,1
3625.pdf,0
3626.pdf,1
3627.pdf,0
3628.pdf,1
3629.pdf,0
3630.pdf,1
3631.pdf,1
3632.pdf,1
3633.pdf,1
3634.pdf,0
3635.pdf,0
3636.pdf,0
3637.pdf,1
3638.pdf,0
3639.pdf,0
3640.pdf,0
3641.pdf,0
3642.pdf,1
3643.pdf,0
3644.pdf,0
3645.pdf,1
3646.pdf,1
3647.pdf,1
3648.pdf,0
3649.pdf,1
3650.pdf,0
3651.pdf,0
3652.pdf,0
3653.pdf,1
3654.pdf,1
3655.pdf,1
3656.pdf,0
3657.pdf,1
3658.pdf,1
3659.pdf,0
3660.pdf,0
3661.pdf,1
3662.pdf,1
3663.pdf,0
3664.pdf,1
3665.pdf,1
3666.pdf,0
3667.pdf,0
3668.pdf,1
3669.pdf,0
3670.pdf,0
3671.pdf,0
3672.pdf,1
3673.pdf,0
3674.pdf,0
3675.pdf,0
3676.pdf,0
3677.pdf,1
3678.pdf,1
3679.pdf,1
3680.pdf,0
3681.pdf,1
3682.pdf,0
3683.pdf,0
3684.pdf,0
3685.pdf,1
3686.pdf,0
3687.pdf,0
3688.pdf,0
3689.pdf,1
3690.pdf,1
3691.pdf,0
3692.pdf,0
3693.pdf,0
3694.pdf,1
3695.pdf,1
3696.pdf,1
3697.pdf,0
3698.pdf,0
3699.pdf,0
3700.pdf,0
3701.pdf,0
3702.pdf,0
3703.pdf,1
3704.pdf,0
3705.pdf,0
3706.pdf,0
3707.pdf,0
3708.pdf,0
3709.pdf,0
3710.pdf,1
3711.pdf,0
3712.pdf,0
3713.pdf,0
3714.pdf,1
3715.pdf,0
3716.pdf,1
3717.pdf,1
3718.pdf,0
3719.pdf,0
3720.pdf,0
3721.pdf,0
3722.pdf,1
3723.pdf,1
3724.pdf,0
3725.pdf,1
3726.pdf,0
3727.pdf,0
3728.pdf,1
3729.pdf,1
3730.pdf,0
3731.pdf,0
3732.pdf,1
3733.pdf,1
3734.pdf,0
3735.pdf,0
3736.pdf,0
3737.pdf,1
3738.pdf,0
3739.pdf,0
3740.pdf,1
3741.pdf,1
3742.pdf,0
3743.pdf,1
3744.pdf,0
3745.pdf,1
3746.pdf,1
3747.pdf,1
3748.pdf,1
3749.pdf,0
3750.pdf,1
3751.pdf,1
3752.pdf,0
3753.pdf,1
3754.pdf,1
3755.pdf,1
3756.pdf,0
3757.pdf,0
3758.pdf,0
3759.pdf,0
3760.pdf,0
3761.pdf,1
3762.pdf,0
3763.pdf,1
3764.pdf,1
3765.pdf,1
3766.pdf,1
3767.pdf,0
3768.pdf,0
3769.pdf,0
3770.pdf,1
3771.pdf,1
3772.pdf,0
3773.pdf,1
3774.pdf,0
3775.pdf,0
3776.pdf,0
3777.pdf,1
3778.pdf,0
3779.pdf,0
3780.pdf,1
3781.pdf,0
3782.pdf,0
3783.pdf,0
3784.pdf,0
3785.pdf,1
3786.pdf,1
3787.pdf,1
3788.pdf,0
3789.pdf,1
3790.pdf,0
3791.pdf,0
3792.pdf,0
3793.pdf,0
3794.pdf,0
3795.pdf,0
3796.pdf,0
3797.pdf,1
3798.pdf,0
3799.pdf,1
3800.pdf,1
3801.pdf,1
3802.pdf,1
3803.pdf,0
3804.pdf,0
3805.pdf,0
3806.pdf,0
3807.pdf,0
3808.pdf,1
3809.pdf,1
3810.pdf,1
3811.pdf,0
3812.pdf,1
3813.pdf,0
3814.pdf,0
3815.pdf,1
3816.pdf,1
3817.pdf,1
3818.pdf,1
3819.pdf,1
3820.pdf,1
3821.pdf,0
3822.pdf,1
3823.pdf,1
3824.pdf,0
3825.pdf,0
3826.pdf,1
3827.pdf,0
3828.pdf,1
3829.pdf,1
3830.pdf,1
3831.pdf,1
3832.pdf,0
3833.pdf,0
3834.pdf,0
3835.pdf,1
3836.pdf,0
3837.pdf,1
3838.pdf,0
3839.pdf,0
3840.pdf,0
3841.pdf,1
3842.pdf,0
3843.pdf,1
3844.pdf,1
3845.pdf,0
3846.pdf,1
3847.pdf,1
3848.pdf,0
3849.pdf,0
3850.pdf,1
3851.pdf,1
3852.pdf,0
3853.pdf,0
3854.pdf,1
3855.pdf,1
3856.pdf,1
3857.pdf,0
3858.pdf,0
3859.pdf,1
3860.pdf,1
3861.pdf,1
3862.pdf,0
3863.pdf,1
3864.pdf,1
3865.pdf,1
3866.pdf,1
3867.pdf,1
3868.pdf,0
3869.pdf,1
3870.pdf,0
3871.pdf,1
3872.pdf,0
3873.pdf,0
3874.pdf,0
3875.pdf,1
3876.pdf,1
3877.pdf,0
3878.pdf,1
3879.pdf,1
3880.pdf,0
3881.pdf,0
3882.pdf,0
3883.pdf,1
3884.pdf,1
3885.pdf,1
3886.pdf,1
3887.pdf,0
3888.pdf,1
3889.pdf,0
3890.pdf,1
3891.pdf,1
3892.pdf,0
3893.pdf,1
3894.pdf,1
3895.pdf,0
3896.pdf,0
3897.pdf,0
3898.pdf,0
3899.pdf,1
3900.pdf,0
3901.pdf,0
3902.pdf,0
3903.pdf,0
3904.pdf,1
3905.pdf,0
3906.pdf,0
3907.pdf,0
3908.pdf,1
3909.pdf,0
3910.pdf,1
3911.pdf,1
3912.pdf,1
3913.pdf,0
3914.pdf,0
3915.pdf,1
3916.pdf,1
3917.pdf,0
3918.pdf,0
3919.pdf,0
3920.pdf,0
3921.pdf,0
3922.pdf,1
3923.pdf,1
3924.pdf,1
3925.pdf,1
3926.pdf,0
3927.pdf,0
3928.pdf,0
3929.pdf,1
3930.pdf,1
3931.pdf,1
3932.pdf,0
3933.pdf,1
3934.pdf,0
3935.pdf,0
3936.pdf,0
3937.pdf,1
3938.pdf,0
3939.pdf,1
3940.pdf,0
3941.pdf,0
3942.pdf,0
3943.pdf,0
3944.pdf,0
3945.pdf,1
3946.pdf,1
3947.pdf,0
3948.pdf,0
3949.pdf,1
3950.pdf,1
3951.pdf,1
3952.pdf,1
3953.pdf,1
3954.pdf,1
3955.pdf,1
3956.pdf,1
3957.pdf,1
3958.pdf,0
3959.pdf,0
3960.pdf,1
3961.pdf,1
3962.pdf,0
3963.pdf,0
3964.pdf,0
3965.pdf,1
3966.pdf,0
3967.pdf,1
3968.pdf,1
3969.pdf,0
3970.pdf,1
3971.pdf,0
3972.pdf,1
3973.pdf,0
3974.pdf,0
3975.pdf,0
3976.pdf,1
3977.pdf,0
3978.pdf,1
3979.pdf,0
3980.pdf,0
3981.pdf,0
3982.pdf,0
3983.pdf,1
3984.pdf,1
3985.pdf,1
3986.pdf,0
3987.pdf,0
3988.pdf,0
3989.pdf,1
3990.pdf,0
3991.pdf,0
3992.pdf,0
3993.pdf,0
3994.pdf,0
3995.pdf,0
3996.pdf,0
3997.pdf,1
3998.pdf,0
3999.pdf,1
4000.pdf,1
4001.pdf,0
4002.pdf,0
4003.pdf,1
4004.pdf,0
4005.pdf,1
4006.pdf,1
4007.pdf,0
4008.pdf,0
4009.pdf,0
4010.pdf,1
4011.pdf,1
4012.pdf,1
4013.pdf,1
4014.pdf,0
4015.pdf,0
4016.pdf,0
4017.pdf,0
4018.pdf,1
4019.pdf,0
4020.pdf,0
4021.pdf,0
4022.pdf,0
4023.pdf,0
4024.pdf,0
4025.pdf,0
4026.pdf,1
4027.pdf,1
4028.pdf,0
4029.pdf,0
4030.pdf,0
4031.pdf,0
4032.pdf,0
4033.pdf,0
4034.pdf,0
4035.pdf,0
4036.pdf,1
4037.pdf,1
4038.pdf,0
4039.pdf,0
4040.pdf,0
4041.pdf,1
4042.pdf,0
4043.pdf,1
4044.pdf,0
4045.pdf,1
4046.pdf,0
4047.pdf,0
4048.pdf,1
4049.pdf,1
4050.pdf,0
4051.pdf,1
4052.pdf,0
4053.pdf,0
4054.pdf,0
4055.pdf,0
4056.pdf,0
4057.pdf,0
4058.pdf,0
4059.pdf,0
4060.pdf,0
4061.pdf,0
4062.pdf,1
4063.pdf,0
4064.pdf,0
4065.pdf,0
4066.pdf,0
4067.pdf,1
4068.pdf,1
4069.pdf,0
4070.pdf,0
4071.pdf,1
4072.pdf,0
4073.pdf,0
4074.pdf,0
4075.pdf,0
4076.pdf,0
4077.pdf,0
4078.pdf,1
4079.pdf,1
4080.pdf,1
4081.pdf,0
4082.pdf,1
4083.pdf,0
4084.pdf,0
4085.pdf,1
4086.pdf,0
4087.pdf,0
4088.pdf,1
4089.pdf,1
4090.pdf,0
4091.pdf,0
4092.pdf,0
4093.pdf,0
4094.pdf,1
4095.pdf,0
4096.pdf,0
4097.pdf,1
4098.pdf,0
4099.pdf,0
4100.pdf,0
4101.pdf,1
4102.pdf,1
4103.pdf,1
4104.pdf,0
4105.pdf,0
4106.pdf,1
4107.pdf,1
4108.pdf,1
4109.pdf,1
4110.pdf,0
4111.pdf,0
4112.pdf,0
4113.pdf,0
4114.pdf,0
4115.pdf,1
4116.pdf,0
4117.pdf,1
4118.pdf,1
4119.pdf,0
4120.pdf,0
4121.pdf,1
4122.pdf,1
4123.pdf,1
4124.pdf,1
4125.pdf,1
4126.pdf,1
4127.pdf,1
4128.pdf,1
4129.pdf,1
4130.pdf,1
4131.pdf,0
4132.pdf,1
4133.pdf,0
4134.pdf,0
4135.pdf,1
4136.pdf,0
4137.pdf,0
4138.pdf,0
4139.pdf,0
4140.pdf,1
4141.pdf,1
4142.pdf,0
4143.pdf,0
4144.pdf,0
4145.pdf,1
4146.pdf,0
4147.pdf,0
4148.pdf,0
4149.pdf,1
4150.pdf,0
4151.pdf,0
4152.pdf,0
4153.pdf,1
4154.pdf,1
4155.pdf,0
4156.pdf,0
4157.pdf,1
4158.pdf,0
4159.pdf,0
4160.pdf,0
4161.pdf,0
4162.pdf,0
4163.pdf,0
4164.pdf,1
4165.pdf,1
4166.pdf,1
4167.pdf,1
4168.pdf,0
4169.pdf,0
4170.pdf,1
4171.pdf,0
4172.pdf,1
4173.pdf,1
4174.pdf,1
4175.pdf,1
4176.pdf,0
4177.pdf,0
4178.pdf,0
4179.pdf,0
4180.pdf,0
4181.pdf,1
4182.pdf,0
4183.pdf,0
4184.pdf,0
4185.pdf,1
4186.pdf,1
4187.pdf,1
4188.pdf,0
4189.pdf,1
4190.pdf,0
4191.pdf,0
4192.pdf,0
4193.pdf,0
4194.pdf,1
4195.pdf,0
4196.pdf,0
4197.pdf,1
4198.pdf,0
4199.pdf,0
4200.pdf,0
4201.pdf,0
4202.pdf,1
4203.pdf,0
4204.pdf,1
4205.pdf,1
4206.pdf,0
4207.pdf,0
4208.pdf,0
4209.pdf,1
4210.pdf,0
4211.pdf,0
4212.pdf,0
4213.pdf,0
4214.pdf,0
4215.pdf,1
4216.pdf,1
4217.pdf,0
4218.pdf,1
4219.pdf,0
4220.pdf,1
4221.pdf,0
4222.pdf,0
4223.pdf,1
4224.pdf,1
4225.pdf,1
4226.pdf,1
4227.pdf,0
4228.pdf,1
4229.pdf,1
4230.pdf,0
4231.pdf,0
4232.pdf,1
4233.pdf,0
4234.pdf,1
4235.pdf,1
4236.pdf,1
4237.pdf,0
4238.pdf,0
4239.pdf,0
4240.pdf,0
4241.pdf,0
4242.pdf,1
4243.pdf,0
4244.pdf,0
4245.pdf,1
4246.pdf,1
4247.pdf,0
4248.pdf,0
4249.pdf,1
4250.pdf,1
4251.pdf,1
4252.pdf,0
4253.pdf,0
4254.pdf,0
4255.pdf,1
4256.pdf,1
4257.pdf,1
4258.pdf,0
4259.pdf,0
4260.pdf,0
4261.pdf,0
4262.pdf,1
4263.pdf,1
4264.pdf,1
4265.pdf,1
4266.pdf,0
4267.pdf,1
4268.pdf,1
4269.pdf,0
4270.pdf,0
4271.pdf,1
4272.pdf,0
4273.pdf,0
4274.pdf,0
4275.pdf,0
4276.pdf,0
4277.pdf,1
4278.pdf,0
4279.pdf,0
4280.pdf,0
4281.pdf,0
4282.pdf,1
4283.pdf,0
4284.pdf,1
4285.pdf,1
4286.pdf,0
4287.pdf,0
4288.pdf,0
4289.pdf,0
4290.pdf,0
4291.pdf,0
4292.pdf,1
4293.pdf,0
4294.pdf,1
4295.pdf,0
4296.pdf,0
4297.pdf,1
4298.pdf,0
4299.pdf,0
4300.pdf,1
4301.pdf,1
4302.pdf,0
4303.pdf,0
4304.pdf,0
4305.pdf,0
4306.pdf,0
4307.pdf,0
4308.pdf,0
4309.pdf,0
4310.pdf,0
4311.pdf,1
4312.pdf,0
4313.pdf,0
4314.pdf,0
4315.pdf,0
4316.pdf,1
4317.pdf,1
4318.pdf,0
4319.pdf,0
4320.pdf,0
4321.pdf,1
4322.pdf,0
4323.pdf,0
4324.pdf,1
4325.pdf,1
4326.pdf,0
4327.pdf,0
4328.pdf,0
4329.pdf,1
4330.pdf,0
4331.pdf,1
4332.pdf,1
4333.pdf,1
4334.pdf,0
4335.pdf,0
4336.pdf,0
4337.pdf,0
4338.pdf,1
4339.pdf,1
4340.pdf,0
4341.pdf,0
4342.pdf,0
4343.pdf,1
4344.pdf,1
4345.pdf,0
4346.pdf,1
4347.pdf,1
4348.pdf,0
4349.pdf,1
4350.pdf,0
4351.pdf,1
4352.pdf,0
4353.pdf,0
4354.pdf,0
4355.pdf,0
4356.pdf,0
4357.pdf,0
4358.pdf,0
4359.pdf,0
4360.pdf,0
4361.pdf,1
4362.pdf,0
4363.pdf,0
4364.pdf,0
4365.pdf,0
4366.pdf,1
4367.pdf,0
4368.pdf,0
4369.pdf,0
4370.pdf,0
4371.pdf,0
4372.pdf,1
4373.pdf,0
4374.pdf,0
4375.pdf,1
4376.pdf,0
4377.pdf,1
4378.pdf,0
4379.pdf,1
4380.pdf,0
4381.pdf,1
4382.pdf,0
4383.pdf,0
4384.pdf,0
4385.pdf,1
4386.pdf,1
4387.pdf,0
4388.pdf,1
4389.pdf,1
4390.pdf,1
4391.pdf,0
4392.pdf,0
4393.pdf,1
4394.pdf,1
4395.pdf,1
4396.pdf,0
4397.pdf,0
4398.pdf,1
4399.pdf,0
4400.pdf,0
4401.pdf,0
4402.pdf,0
4403.pdf,1
4404.pdf,1
4405.pdf,0
4406.pdf,1
4407.pdf,0
4408.pdf,1
4409.pdf,0
4410.pdf,1
4411.pdf,1
4412.pdf,0
4413.pdf,1
4414.pdf,1
4415.pdf,1
4416.pdf,1
4417.pdf,0
4418.pdf,1
4419.pdf,1
4420.pdf,1
4421.pdf,1
4422.pdf,0
4423.pdf,1
4424.pdf,0
4425.pdf,1
4426.pdf,1
4427.pdf,0
4428.pdf,0
4429.pdf,1
4430.pdf,1
4431.pdf,0
4432.pdf,0
4433.pdf,0
4434.pdf,0
4435.pdf,1
4436.pdf,1
4437.pdf,0
4438.pdf,0
4439.pdf,1
4440.pdf,1
4441.pdf,0
4442.pdf,1
4443.pdf,0
4444.pdf,1
4445.pdf,1
4446.pdf,1
4447.pdf,0
4448.pdf,0
4449.pdf,1
4450.pdf,0
4451.pdf,1
4452.pdf,0
4453.pdf,1
4454.pdf,1
4455.pdf,0
4456.pdf,0
4457.pdf,0
4458.pdf,0
4459.pdf,0
4460.pdf,0
4461.pdf,0
4462.pdf,0
4463.pdf,1
4464.pdf,1
4465.pdf,0
4466.pdf,0
4467.pdf,0
4468.pdf,1
4469.pdf,1
4470.pdf,1
4471.pdf,0
4472.pdf,0
4473.pdf,0
4474.pdf,1
4475.pdf,1
4476.pdf,1
4477.pdf,0
4478.pdf,1
4479.pdf,1
4480.pdf,1
4481.pdf,1
4482.pdf,1
4483.pdf,1
4484.pdf,0
4485.pdf,0
4486.pdf,0
4487.pdf,0
4488.pdf,0
4489.pdf,1
4490.pdf,0
4491.pdf,1
4492.pdf,0
4493.pdf,1
4494.pdf,1
4495.pdf,0
4496.pdf,1
4497.pdf,0
4498.pdf,0
4499.pdf,0
4500.pdf,1
4501.pdf,0
4502.pdf,0
4503.pdf,1
4504.pdf,1
4505.pdf,1
4506.pdf,0
4507.pdf,1
4508.pdf,1
4509.pdf,0
4510.pdf,0
4511.pdf,0
4512.pdf,0
4513.pdf,1
4514.pdf,0
4515.pdf,0
4516.pdf,0
4517.pdf,1
4518.pdf,0
4519.pdf,1
4520.pdf,1
4521.pdf,0
4522.pdf,1
4523.pdf,1
4524.pdf,1
4525.pdf,1
4526.pdf,0
4527.pdf,0
4528.pdf,0
4529.pdf,0
4530.pdf,0
4531.pdf,0
4532.pdf,0
4533.pdf,1
4534.pdf,0
4535.pdf,0
4536.pdf,0
4537.pdf,0
4538.pdf,0
4539.pdf,1
4540.pdf,1
4541.pdf,0
4542.pdf,1
4543.pdf,1
4544.pdf,1
4545.pdf,0
4546.pdf,0
4547.pdf,0
4548.pdf,0
4549.pdf,1
4550.pdf,0
4551.pdf,1
4552.pdf,0
4553.pdf,0
4554.pdf,0
4555.pdf,0
4556.pdf,1
4557.pdf,1
4558.pdf,1
4559.pdf,0
4560.pdf,0
4561.pdf,0
4562.pdf,0
4563.pdf,1
4564.pdf,0
4565.pdf,0
4566.pdf,0
4567.pdf,0
4568.pdf,1
4569.pdf,0
4570.pdf,0
4571.pdf,1
4572.pdf,0
4573.pdf,0
4574.pdf,1
4575.pdf,1
4576.pdf,0
4577.pdf,0
4578.pdf,0
4579.pdf,0
4580.pdf,0
4581.pdf,1
4582.pdf,1
4583.pdf,0
4584.pdf,1
4585.pdf,0
4586.pdf,1
4587.pdf,0
4588.pdf,1
4589.pdf,0
4590.pdf,0
4591.pdf,1
4592.pdf,1
4593.pdf,1
4594.pdf,1
4595.pdf,0
4596.pdf,0
4597.pdf,1
4598.pdf,1
4599.pdf,1
4600.pdf,1
4601.pdf,1
4602.pdf,0
4603.pdf,1
4604.pdf,1
4605.pdf,1
4606.pdf,1
4607.pdf,0
4608.pdf,0
4609.pdf,0
4610.pdf,0
4611.pdf,0
4612.pdf,0
4613.pdf,0
4614.pdf,0
4615.pdf,0
4616.pdf,0
4617.pdf,0
4618.pdf,0
4619.pdf,1
4620.pdf,1
4621.pdf,0
4622.pdf,0
4623.pdf,0
4624.pdf,1
4625.pdf,1
4626.pdf,0
4627.pdf,0
4628.pdf,0
4629.pdf,0
4630.pdf,0
4631.pdf,0
4632.pdf,1
4633.pdf,0
4634.pdf,1
4635.pdf,0
4636.pdf,0
4637.pdf,0
4638.pdf,1
4639.pdf,1
4640.pdf,0
4641.pdf,0
4642.pdf,0
4643.pdf,0
4644.pdf,0
4645.pdf,0
4646.pdf,0
4647.pdf,0
4648.pdf,1
4649.pdf,1
4650.pdf,1
4651.pdf,0
4652.pdf,0
4653.pdf,0
4654.pdf,0
4655.pdf,1
4656.pdf,0
4657.pdf,0
4658.pdf,1
4659.pdf,1
4660.pdf,0
4661.pdf,0
4662.pdf,0
4663.pdf,1
4664.pdf,0
4665.pdf,0
4666.pdf,1
4667.pdf,1
4668.pdf,1
4669.pdf,1
4670.pdf,1
4671.pdf,0
4672.pdf,0
4673.pdf,1
4674.pdf,1
4675.pdf,0
4676.pdf,1
4677.pdf,0
4678.pdf,1
4679.pdf,0
4680.pdf,0
4681.pdf,0
4682.pdf,1
4683.pdf,0
4684.pdf,1
4685.pdf,1
4686.pdf,0
4687.pdf,0
4688.pdf,1
4689.pdf,0
4690.pdf,0
4691.pdf,1
4692.pdf,1
4693.pdf,0
4694.pdf,1
4695.pdf,0
4696.pdf,0
4697.pdf,0
4698.pdf,0
4699.pdf,1
4700.pdf,0
4701.pdf,0
4702.pdf,0
4703.pdf,1
4704.pdf,0
4705.pdf,0
4706.pdf,1
4707.pdf,1
4708.pdf,0
4709.pdf,1
4710.pdf,0
4711.pdf,0
4712.pdf,0
4713.pdf,0
4714.pdf,0
4715.pdf,0
4716.pdf,0
4717.pdf,1
4718.pdf,0
4719.pdf,1
4720.pdf,0
4721.pdf,0
4722.pdf,0
4723.pdf,1
4724.pdf,0
4725.pdf,0
4726.pdf,0
4727.pdf,0
4728.pdf,1
4729.pdf,0
4730.pdf,1
4731.pdf,0
4732.pdf,0
4733.pdf,0
4734.pdf,1
4735.pdf,1
4736.pdf,1
4737.pdf,0
4738.pdf,0
4739.pdf,0
4740.pdf,1
4741.pdf,1
4742.pdf,0
4743.pdf,0
4744.pdf,0
4745.pdf,0
4746.pdf,0
4747.pdf,1
4748.pdf,1
4749.pdf,0
4750.pdf,1
4751.pdf,0
4752.pdf,0
4753.pdf,1
4754.pdf,1
4755.pdf,0
4756.pdf,0
4757.pdf,1
4758.pdf,0
4759.pdf,0
4760.pdf,1
4761.pdf,1
4762.pdf,0
4763.pdf,0
4764.pdf,0
4765.pdf,1
4766.pdf,0
4767.pdf,1
4768.pdf,1
4769.pdf,0
4770.pdf,1
4771.pdf,0
4772.pdf,1
4773.pdf,0
4774.pdf,1
4775.pdf,0
4776.pdf,0
4777.pdf,0
4778.pdf,0
4779.pdf,1
4780.pdf,1
4781.pdf,0
4782.pdf,0
4783.pdf,0
4784.pdf,0
4785.pdf,0
4786.pdf,0
4787.pdf,1
4788.pdf,0
4789.pdf,0
4790.pdf,0
4791.pdf,0
4792.pdf,0
4793.pdf,1
4794.pdf,0
4795.pdf,0
4796.pdf,1
4797.pdf,0
4798.pdf,0
4799.pdf,1
4800.pdf,0
4801.pdf,1
4802.pdf,0
4803.pdf,0
4804.pdf,0
4805.pdf,0
4806.pdf,1
4807.pdf,1
4808.pdf,1
4809.pdf,1
4810.pdf,0
4811.pdf,1
4812.pdf,0
4813.pdf,1
4814.pdf,1
4815.pdf,0
4816.pdf,1
4817.pdf,0
4818.pdf,0
4819.pdf,0
4820.pdf,0
4821.pdf,0
4822.pdf,1
4823.pdf,0
4824.pdf,1
4825.pdf,0
4826.pdf,0
4827.pdf,0
4828.pdf,1
4829.pdf,1
4830.pdf,1
4831.pdf,0
4832.pdf,0
4833.pdf,1
4834.pdf,0
4835.pdf,1
4836.pdf,0
4837.pdf,0
4838.pdf,1
4839.pdf,1
4840.pdf,0
4841.pdf,0
4842.pdf,0
4843.pdf,0
4844.pdf,1
4845.pdf,0
4846.pdf,1
4847.pdf,1
4848.pdf,0
4849.pdf,0
4850.pdf,1
4851.pdf,1
4852.pdf,0
4853.pdf,1
4854.pdf,0
4855.pdf,1
4856.pdf,0
4857.pdf,0
4858.pdf,1
4859.pdf,1
4860.pdf,0
4861.pdf,0
4862.pdf,0
4863.pdf,0
4864.pdf,0
4865.pdf,0
4866.pdf,0
4867.pdf,0
4868.pdf,0
4869.pdf,1
4870.pdf,0
4871.pdf,0
4872.pdf,1
4873.pdf,0
4874.pdf,0
4875.pdf,0
4876.pdf,0
4877.pdf,0
4878.pdf,0
4879.pdf,0
4880.pdf,0
4881.pdf,0
4882.pdf,1
4883.pdf,1
4884.pdf,0
4885.pdf,0
4886.pdf,0
4887.pdf,0
4888.pdf,0
4889.pdf,0
4890.pdf,1
4891.pdf,1
4892.pdf,0
4893.pdf,1
4894.pdf,0
4895.pdf,0
4896.pdf,0
4897.pdf,1
4898.pdf,1
4899.pdf,0
4900.pdf,0
4901.pdf,0
4902.pdf,0
4903.pdf,0
4904.pdf,0
4905.pdf,1
4906.pdf,0
4907.pdf,1
4908.pdf,1
4909.pdf,0
4910.pdf,0
4911.pdf,1
4912.pdf,0
4913.pdf,0
4914.pdf,1
4915.pdf,0
4916.pdf,0
4917.pdf,1
4918.pdf,0
4919.pdf,0
4920.pdf,0
4921.pdf,1
4922.pdf,0
4923.pdf,0
4924.pdf,0
4925.pdf,0
4926.pdf,0
4927.pdf,1
4928.pdf,0
4929.pdf,0
4930.pdf,0
4931.pdf,0
4932.pdf,1
4933.pdf,0
4934.pdf,1
4935.pdf,0
4936.pdf,1
4937.pdf,0
4938.pdf,0
4939.pdf,0
4940.pdf,1
4941.pdf,1
4942.pdf,1
4943.pdf,0
4944.pdf,0
4945.pdf,1
4946.pdf,1
4947.pdf,0
4948.pdf,0
4949.pdf,1
4950.pdf,1
4951.pdf,1
4952.pdf,0
4953.pdf,1
4954.pdf,1
4955.pdf,1
4956.pdf,0
4957.pdf,0
4958.pdf,0
4959.pdf,0
4960.pdf,1
4961.pdf,1
4962.pdf,0
4963.pdf,1
4964.pdf,1
4965.pdf,0
4966.pdf,0
4967.pdf,1
4968.pdf,0
4969.pdf,1
4970.pdf,0
4971.pdf,0
4972.pdf,0
4973.pdf,1
4974.pdf,0
4975.pdf,0
4976.pdf,0
4977.pdf,0
4978.pdf,0
4979.pdf,0
4980.pdf,1
4981.pdf,0
4982.pdf,0
4983.pdf,0
4984.pdf,0
4985.pdf,0
4986.pdf,1
4987.pdf,0
4988.pdf,0
4989.pdf,0
4990.pdf,0
4991.pdf,1
4992.pdf,1
4993.pdf,0
4994.pdf,0
4995.pdf,0
4996.pdf,1
4997.pdf,0
4998.pdf,0
4999.pdf,0
5000.pdf,1
5001.pdf,0
5002.pdf,1
5003.pdf,1
5004.pdf,0
5005.pdf,0
5006.pdf,1
5007.pdf,0
5008.pdf,1
5009.pdf,1
5010.pdf,0
5011.pdf,0
5012.pdf,0
5013.pdf,1
5014.pdf,1
5015.pdf,1
5016.pdf,0
5017.pdf,1
5018.pdf,1
5019.pdf,0
5020.pdf,1
5021.pdf,0
5022.pdf,1
5023.pdf,1
5024.pdf,0
5025.pdf,1
5026.pdf,1
5027.pdf,1
5028.pdf,0
5029.pdf,0
5030.pdf,1
5031.pdf,0
5032.pdf,0
5033.pdf,0
5034.pdf,0
5035.pdf,0
5036.pdf,0
5037.pdf,1
5038.pdf,0
5039.pdf,0
5040.pdf,0
5041.pdf,0
5042.pdf,1
5043.pdf,0
5044.pdf,0
5045.pdf,1
5046.pdf,1
5047.pdf,0
5048.pdf,0
5049.pdf,0
5050.pdf,1
5051.pdf,1
5052.pdf,1
5053.pdf,0
5054.pdf,1
5055.pdf,0
5056.pdf,0
5057.pdf,0
5058.pdf,0
5059.pdf,1
5060.pdf,0
5061.pdf,1
5062.pdf,1
5063.pdf,1
5064.pdf,0
5065.pdf,1
5066.pdf,1
5067.pdf,0
5068.pdf,0
5069.pdf,1
5070.pdf,1
5071.pdf,0
5072.pdf,0
5073.pdf,0
5074.pdf,1
5075.pdf,0
5076.pdf,1
5077.pdf,1
5078.pdf,0
5079.pdf,1
5080.pdf,0
5081.pdf,0
5082.pdf,0
5083.pdf,0
5084.pdf,0
5085.pdf,0
5086.pdf,1
5087.pdf,1
5088.pdf,1
5089.pdf,1
5090.pdf,1
5091.pdf,0
5092.pdf,1
5093.pdf,0
5094.pdf,1
5095.pdf,0
5096.pdf,1
5097.pdf,0
5098.pdf,1
5099.pdf,0
5100.pdf,0
5101.pdf,1
5102.pdf,1
5103.pdf,0
5104.pdf,0
5105.pdf,1
5106.pdf,0
5107.pdf,0
5108.pdf,0
5109.pdf,1
5110.pdf,0
5111.pdf,1
5112.pdf,0
5113.pdf,1
5114.pdf,1
5115.pdf,0
5116.pdf,1
5117.pdf,1
5118.pdf,0
5119.pdf,0
5120.pdf,0
5121.pdf,1
5122.pdf,1
5123.pdf,0
5124.pdf,0
5125.pdf,0
5126.pdf,0
5127.pdf,1
5128.pdf,0
5129.pdf,1
5130.pdf,0
5131.pdf,0
5132.pdf,0
5133.pdf,0
5134.pdf,0
5135.pdf,1
5136.pdf,0
5137.pdf,0
5138.pdf,1
5139.pdf,1
5140.pdf,0
5141.pdf,1
5142.pdf,0
5143.pdf,0
5144.pdf,0
5145.pdf,1
5146.pdf,0
5147.pdf,0
5148.pdf,0
5149.pdf,0
5150.pdf,0
5151.pdf,0
5152.pdf,1
5153.pdf,0
5154.pdf,1
5155.pdf,0
5156.pdf,0
5157.pdf,0
5158.pdf,1
5159.pdf,0
5160.pdf,0
5161.pdf,1
5162.pdf,1
5163.pdf,0
5164.pdf,0
5165.pdf,1
5166.pdf,1
5167.pdf,1
5168.pdf,0
5169.pdf,1
5170.pdf,0
5171.pdf,0
5172.pdf,0
5173.pdf,1
5174.pdf,1
5175.pdf,0
5176.pdf,0
5177.pdf,0
5178.pdf,0
5179.pdf,0
5180.pdf,1
5181.pdf,0
5182.pdf,1
5183.pdf,0
5184.pdf,1
5185.pdf,0
5186.pdf,0
5187.pdf,1
5188.pdf,0
5189.pdf,1
5190.pdf,1
5191.pdf,1
5192.pdf,1
5193.pdf,0
5194.pdf,0
5195.pdf,1
5196.pdf,0
5197.pdf,1
5198.pdf,0
5199.pdf,0
5200.pdf,0
5201.pdf,0
5202.pdf,0
5203.pdf,1
5204.pdf,0
5205.pdf,1
5206.pdf,1
5207.pdf,1
5208.pdf,0
5209.pdf,1
5210.pdf,1
5211.pdf,0
5212.pdf,1
5213.pdf,1
5214.pdf,0
5215.pdf,1
5216.pdf,0
5217.pdf,0
5218.pdf,1
5219.pdf,1
5220.pdf,1
5221.pdf,1
5222.pdf,0
5223.pdf,1
5224.pdf,0
5225.pdf,0
5226.pdf,0
5227.pdf,0
5228.pdf,0
5229.pdf,1
5230.pdf,0
5231.pdf,1
5232.pdf,1
5233.pdf,0
5234.pdf,0
5235.pdf,0
5236.pdf,0
5237.pdf,0
5238.pdf,1
5239.pdf,0
5240.pdf,0
5241.pdf,0
5242.pdf,1
5243.pdf,1
5244.pdf,0
5245.pdf,0
5246.pdf,0
5247.pdf,0
5248.pdf,0
5249.pdf,1
5250.pdf,1
5251.pdf,0
5252.pdf,0
5253.pdf,0
5254.pdf,1
5255.pdf,1
5256.pdf,0
5257.pdf,1
5258.pdf,0
5259.pdf,0
5260.pdf,0
5261.pdf,1
5262.pdf,0
5263.pdf,0
5264.pdf,1
5265.pdf,0
5266.pdf,1
5267.pdf,1
5268.pdf,1
5269.pdf,0
5270.pdf,0
5271.pdf,0
5272.pdf,0
5273.pdf,0
5274.pdf,1
5275.pdf,0
5276.pdf,1
5277.pdf,1
5278.pdf,0
5279.pdf,0
5280.pdf,0
5281.pdf,0
5282.pdf,1
5283.pdf,0
5284.pdf,0
5285.pdf,0
5286.pdf,1
5287.pdf,1
5288.pdf,1
5289.pdf,0
5290.pdf,1
5291.pdf,0
5292.pdf,0
5293.pdf,1
5294.pdf,1
5295.pdf,1
5296.pdf,0
5297.pdf,1
5298.pdf,1
5299.pdf,0
5300.pdf,0
5301.pdf,1
5302.pdf,1
5303.pdf,0
5304.pdf,0
5305.pdf,1
5306.pdf,0
5307.pdf,1
5308.pdf,0
5309.pdf,0
5310.pdf,0
5311.pdf,0
5312.pdf,1
5313.pdf,0
5314.pdf,1
5315.pdf,0
5316.pdf,0
5317.pdf,1
5318.pdf,0
5319.pdf,1
5320.pdf,0
5321.pdf,0
5322.pdf,0
5323.pdf,1
5324.pdf,0
5325.pdf,1
5326.pdf,0
5327.pdf,1
5328.pdf,0
5329.pdf,1
5330.pdf,1
5331.pdf,1
5332.pdf,0
5333.pdf,0
5334.pdf,0
5335.pdf,0
5336.pdf,0
5337.pdf,0
5338.pdf,0
5339.pdf,1
5340.pdf,0
5341.pdf,0
5342.pdf,1
5343.pdf,0
5344.pdf,1
5345.pdf,0
5346.pdf,1
5347.pdf,0
5348.pdf,1
5349.pdf,0
5350.pdf,1
5351.pdf,1
5352.pdf,0
5353.pdf,1
5354.pdf,1
5355.pdf,1
5356.pdf,0
5357.pdf,1
5358.pdf,0
5359.pdf,0
5360.pdf,1
5361.pdf,1
5362.pdf,1
5363.pdf,0
5364.pdf,1
5365.pdf,0
5366.pdf,0
5367.pdf,0
5368.pdf,0
5369.pdf,1
5370.pdf,0
5371.pdf,1
5372.pdf,0
5373.pdf,1
5374.pdf,0
5375.pdf,0
5376.pdf,0
5377.pdf,0
5378.pdf,0
5379.pdf,0
5380.pdf,1
5381.pdf,1
5382.pdf,0
5383.pdf,1
5384.pdf,1
5385.pdf,1
5386.pdf,0
5387.pdf,0
5388.pdf,0
5389.pdf,1
5390.pdf,0
5391.pdf,0
5392.pdf,0
5393.pdf,0
5394.pdf,1
5395.pdf,0
5396.pdf,0
5397.pdf,1
5398.pdf,1
5399.pdf,0
5400.pdf,1
5401.pdf,1
5402.pdf,0
5403.pdf,1
5404.pdf,0
5405.pdf,0
5406.pdf,0
5407.pdf,0
5408.pdf,1
5409.pdf,1
5410.pdf,0
5411.pdf,1
5412.pdf,0
5413.pdf,0
5414.pdf,0
5415.pdf,0
5416.pdf,0
5417.pdf,1
5418.pdf,1
5419.pdf,1
5420.pdf,0
5421.pdf,0
5422.pdf,0
5423.pdf,1
5424.pdf,1
5425.pdf,0
5426.pdf,0
5427.pdf,1
5428.pdf,1
5429.pdf,1
5430.pdf,1
5431.pdf,1
5432.pdf,0
5433.pdf,0
5434.pdf,0
5435.pdf,0
5436.pdf,0
5437.pdf,0
5438.pdf,0
5439.pdf,0
5440.pdf,0
5441.pdf,0
5442.pdf,0
5443.pdf,0
5444.pdf,1
5445.pdf,1
5446.pdf,1
5447.pdf,0
5448.pdf,0
5449.pdf,0
5450.pdf,0
5451.pdf,1
5452.pdf,0
5453.pdf,0
5454.pdf,0
5455.pdf,1
5456.pdf,0
5457.pdf,0
5458.pdf,0
5459.pdf,1
5460.pdf,0
5461.pdf,1
5462.pdf,1
5463.pdf,0
5464.pdf,1
5465.pdf,1
5466.pdf,0
5467.pdf,1
5468.pdf,0
5469.pdf,1
5470.pdf,1
5471.pdf,1
5472.pdf,0
5473.pdf,0
5474.pdf,1
5475.pdf,1
5476.pdf,1
5477.pdf,0
5478.pdf,0
5479.pdf,1
5480.pdf,1
5481.pdf,0
5482.pdf,0
5483.pdf,0
5484.pdf,0
5485.pdf,0
5486.pdf,0
5487.pdf,1
5488.pdf,0
5489.pdf,1
5490.pdf,1
5491.pdf,0
5492.pdf,0
5493.pdf,0
5494.pdf,1
5495.pdf,0
5496.pdf,0
5497.pdf,1
5498.pdf,1
5499.pdf,0
5500.pdf,0
5501.pdf,0
5502.pdf,1
5503.pdf,1
5504.pdf,0
5505.pdf,0
5506.pdf,1
5507.pdf,1
5508.pdf,0
5509.pdf,0
5510.pdf,0
5511.pdf,0
5512.pdf,1
5513.pdf,1
5514.pdf,0
5515.pdf,0
5516.pdf,1
5517.pdf,0
5518.pdf,0
5519.pdf,0
5520.pdf,0
5521.pdf,0
5522.pdf,1
5523.pdf,1
5524.pdf,1
5525.pdf,0
5526.pdf,1
5527.pdf,1
5528.pdf,1
5529.pdf,0
5530.pdf,1
5531.pdf,0
5532.pdf,1
5533.pdf,0
5534.pdf,1
5535.pdf,0
5536.pdf,1
5537.pdf,1
5538.pdf,0
5539.pdf,0
5540.pdf,1
5541.pdf,1
5542.pdf,1
5543.pdf,0
5544.pdf,1
5545.pdf,0
5546.pdf,0
5547.pdf,0
5548.pdf,0
5549.pdf,1
5550.pdf,0
5551.pdf,1
5552.pdf,0
5553.pdf,1
5554.pdf,1
5555.pdf,0
5556.pdf,0
5557.pdf,0
5558.pdf,1
5559.pdf,0
5560.pdf,1
5561.pdf,0
5562.pdf,0
5563.pdf,1
5564.pdf,1
5565.pdf,1
5566.pdf,0
5567.pdf,1
5568.pdf,0
5569.pdf,1
5570.pdf,1
5571.pdf,0
5572.pdf,0
5573.pdf,0
5574.pdf,1
5575.pdf,1
5576.pdf,0
5577.pdf,0
5578.pdf,0
5579.pdf,1
5580.pdf,0
5581.pdf,0
5582.pdf,0
5583.pdf,0
5584.pdf,0
5585.pdf,1
5586.pdf,1
5587.pdf,0
5588.pdf,1
5589.pdf,0
5590.pdf,1
5591.pdf,1
5592.pdf,0
5593.pdf,1
5594.pdf,1
5595.pdf,0
5596.pdf,0
5597.pdf,1
5598.pdf,0
5599.pdf,1
5600.pdf,0
5601.pdf,1
5602.pdf,1
5603.pdf,1
5604.pdf,0
5605.pdf,1
5606.pdf,0
5607.pdf,0
5608.pdf,0
5609.pdf,0
5610.pdf,1
5611.pdf,0
5612.pdf,0
5613.pdf,1
5614.pdf,0
5615.pdf,0
5616.pdf,0
5617.pdf,1
5618.pdf,0
5619.pdf,0
5620.pdf,0
5621.pdf,1
5622.pdf,0
5623.pdf,1
5624.pdf,1
5625.pdf,0
5626.pdf,0
5627.pdf,0
5628.pdf,0
5629.pdf,0
5630.pdf,0
5631.pdf,1
5632.pdf,0
5633.pdf,0
5634.pdf,0
5635.pdf,0
5636.pdf,0
5637.pdf,0
5638.pdf,0
5639.pdf,1
5640.pdf,1
5641.pdf,0
5642.pdf,1
5643.pdf,1
5644.pdf,0
5645.pdf,1
5646.pdf,1
5647.pdf,1
5648.pdf,1
5649.pdf,0
5650.pdf,0
5651.pdf,1
5652.pdf,0
5653.pdf,0
5654.pdf,1
5655.pdf,1
5656.pdf,0
5657.pdf,0
5658.pdf,0
5659.pdf,1
5660.pdf,1
5661.pdf,1
5662.pdf,0
5663.pdf,0
5664.pdf,1
5665.pdf,0
5666.pdf,1
5667.pdf,1
5668.pdf,1
5669.pdf,1
5670.pdf,1
5671.pdf,1
5672.pdf,0
5673.pdf,1
5674.pdf,0
5675.pdf,1
5676.pdf,0
5677.pdf,0
5678.pdf,1
5679.pdf,0
5680.pdf,1
5681.pdf,0
5682.pdf,0
5683.pdf,0
5684.pdf,0
5685.pdf,0
5686.pdf,0
5687.pdf,1
5688.pdf,0
5689.pdf,1
5690.pdf,1
5691.pdf,0
5692.pdf,0
5693.pdf,1
5694.pdf,1
5695.pdf,1
5696.pdf,0
5697.pdf,0
5698.pdf,0
5699.pdf,1
5700.pdf,1
5701.pdf,1
5702.pdf,0
5703.pdf,1
5704.pdf,1
5705.pdf,0
5706.pdf,0
5707.pdf,0
5708.pdf,0
5709.pdf,0
5710.pdf,0
5711.pdf,1
5712.pdf,0
5713.pdf,0
5714.pdf,0
5715.pdf,0
5716.pdf,0
5717.pdf,1
5718.pdf,0
5719.pdf,1
5720.pdf,0
5721.pdf,0
5722.pdf,0
5723.pdf,1
5724.pdf,0
5725.pdf,1
5726.pdf,0
5727.pdf,1
5728.pdf,1
5729.pdf,0
5730.pdf,0
5731.pdf,1
5732.pdf,0
5733.pdf,0
5734.pdf,0
5735.pdf,0
5736.pdf,1
5737.pdf,1
5738.pdf,0
5739.pdf,0
5740.pdf,0
5741.pdf,0
5742.pdf,0
5743.pdf,1
5744.pdf,1
5745.pdf,1
5746.pdf,1
5747.pdf,1
5748.pdf,0
5749.pdf,0
5750.pdf,1
5751.pdf,1
5752.pdf,0
5753.pdf,0
5754.pdf,0
5755.pdf,0
5756.pdf,0
5757.pdf,1
5758.pdf,0
5759.pdf,0
5760.pdf,1
5761.pdf,0
5762.pdf,0
5763.pdf,1
5764.pdf,1
5765.pdf,1
5766.pdf,0
5767.pdf,0
5768.pdf,0
5769.pdf,0
5770.pdf,0
5771.pdf,1
5772.pdf,0
5773.pdf,1
5774.pdf,0
5775.pdf,0
5776.pdf,0
5777.pdf,1
5778.pdf,1
5779.pdf,1
5780.pdf,1
5781.pdf,0
5782.pdf,1
5783.pdf,0
5784.pdf,0
5785.pdf,0
5786.pdf,1
5787.pdf,0
5788.pdf,0
5789.pdf,1
5790.pdf,1
5791.pdf,0
5792.pdf,0
5793.pdf,1
5794.pdf,0
5795.pdf,0
5796.pdf,0
5797.pdf,0
5798.pdf,0
5799.pdf,1
5800.pdf,0
5801.pdf,1
5802.pdf,0
5803.pdf,0
5804.pdf,0
5805.pdf,0
5806.pdf,0
5807.pdf,1
5808.pdf,1
5809.pdf,0
5810.pdf,0
5811.pdf,0
5812.pdf,1
5813.pdf,1
5814.pdf,0
5815.pdf,0
5816.pdf,0
5817.pdf,0
5818.pdf,0
5819.pdf,0
5820.pdf,0
5821.pdf,1
5822.pdf,0
5823.pdf,0
5824.pdf,1
5825.pdf,0
5826.pdf,0
5827.pdf,1
5828.pdf,0
5829.pdf,0
5830.pdf,0
5831.pdf,0
5832.pdf,1
5833.pdf,0
5834.pdf,0
5835.pdf,0
5836.pdf,1
5837.pdf,1
5838.pdf,0
5839.pdf,0
5840.pdf,0
5841.pdf,1
5842.pdf,0
5843.pdf,0
5844.pdf,1
5845.pdf,0
5846.pdf,1
5847.pdf,1
5848.pdf,1
5849.pdf,1
5850.pdf,0
5851.pdf,1
5852.pdf,0
5853.pdf,1
5854.pdf,0
5855.pdf,0
5856.pdf,0
5857.pdf,0
5858.pdf,1
5859.pdf,0
5860.pdf,0
5861.pdf,1
5862.pdf,1
5863.pdf,0
5864.pdf,1
5865.pdf,1
5866.pdf,0
5867.pdf,1
5868.pdf,1
5869.pdf,1
5870.pdf,1
5871.pdf,0
5872.pdf,0
5873.pdf,0
5874.pdf,0
5875.pdf,1
5876.pdf,0
5877.pdf,0
5878.pdf,1
5879.pdf,0
5880.pdf,0
5881.pdf,1
5882.pdf,0
5883.pdf,0
5884.pdf,1
5885.pdf,0
5886.pdf,1
5887.pdf,1
5888.pdf,0
5889.pdf,0
5890.pdf,0
5891.pdf,1
5892.pdf,0
5893.pdf,0
5894.pdf,1
5895.pdf,1
5896.pdf,0
5897.pdf,1
5898.pdf,0
5899.pdf,0
5900.pdf,1
5901.pdf,0
5902.pdf,1
5903.pdf,0
5904.pdf,1
5905.pdf,0
5906.pdf,0
5907.pdf,0
5908.pdf,0
5909.pdf,0
5910.pdf,0
5911.pdf,0
5912.pdf,0
5913.pdf,0
5914.pdf,1
5915.pdf,0
5916.pdf,1
5917.pdf,0
5918.pdf,0
5919.pdf,0
5920.pdf,1
5921.pdf,0
5922.pdf,0
5923.pdf,1
5924.pdf,1
5925.pdf,0
5926.pdf,0
5927.pdf,0
5928.pdf,0
5929.pdf,0
5930.pdf,0
5931.pdf,0
5932.pdf,1
5933.pdf,1
5934.pdf,1
5935.pdf,0
5936.pdf,0
5937.pdf,1
5938.pdf,1
5939.pdf,1
5940.pdf,1
5941.pdf,1
5942.pdf,1
5943.pdf,0
5944.pdf,0
5945.pdf,0
5946.pdf,0
5947.pdf,0
5948.pdf,0
5949.pdf,0
5950.pdf,0
5951.pdf,0
5952.pdf,0
5953.pdf,1
5954.pdf,0
5955.pdf,1
5956.pdf,1
5957.pdf,0
5958.pdf,1
5959.pdf,0
5960.pdf,0
5961.pdf,0
5962.pdf,0
5963.pdf,0
5964.pdf,1
5965.pdf,0
5966.pdf,1
5967.pdf,1
5968.pdf,1
5969.pdf,0
5970.pdf,0
5971.pdf,0
5972.pdf,0
5973.pdf,1
5974.pdf,1
5975.pdf,0
5976.pdf,1
5977.pdf,0
5978.pdf,1
5979.pdf,0
5980.pdf,1
5981.pdf,1
5982.pdf,0
5983.pdf,1
5984.pdf,1
5985.pdf,0
5986.pdf,0
5987.pdf,0
5988.pdf,0
5989.pdf,0
5990.pdf,0
5991.pdf,0
5992.pdf,1
5993.pdf,0
5994.pdf,1
5995.pdf,1
5996.pdf,1
5997.pdf,1
5998.pdf,0
5999.pdf,0
6000.pdf,0
6001.pdf,0
6002.pdf,1
6003.pdf,1
6004.pdf,0
6005.pdf,1
6006.pdf,0
6007.pdf,0
6008.pdf,1
6009.pdf,0
6010.pdf,0
6011.pdf,0
6012.pdf,0
6013.pdf,0
6014.pdf,1
6015.pdf,0
6016.pdf,0
6017.pdf,1
6018.pdf,1
6019.pdf,1
6020.pdf,1
6021.pdf,0
6022.pdf,1
6023.pdf,1
6024.pdf,1
6025.pdf,1
6026.pdf,0
6027.pdf,1
6028.pdf,1
6029.pdf,0
6030.pdf,1
6031.pdf,1
6032.pdf,0
6033.pdf,0
6034.pdf,0
6035.pdf,1
6036.pdf,0
6037.pdf,0
6038.pdf,1
6039.pdf,1
6040.pdf,0
6041.pdf,0
6042.pdf,1
6043.pdf,1
6044.pdf,1
6045.pdf,1
6046.pdf,1
6047.pdf,0
6048.pdf,0
6049.pdf,0
6050.pdf,1
6051.pdf,0
6052.pdf,1
6053.pdf,0
6054.pdf,0
6055.pdf,1
6056.pdf,1
6057.pdf,1
6058.pdf,0
6059.pdf,0
6060.pdf,0
6061.pdf,1
6062.pdf,0
6063.pdf,0
6064.pdf,0
6065.pdf,1
6066.pdf,1
6067.pdf,1
6068.pdf,0
6069.pdf,0
6070.pdf,1
6071.pdf,0
6072.pdf,0
6073.pdf,1
6074.pdf,1
6075.pdf,1
6076.pdf,0
6077.pdf,0
6078.pdf,1
6079.pdf,1
6080.pdf,0
6081.pdf,0
6082.pdf,1
6083.pdf,0
6084.pdf,0
6085.pdf,0
6086.pdf,0
6087.pdf,0
6088.pdf,0
6089.pdf,0
6090.pdf,1
6091.pdf,0
6092.pdf,1
6093.pdf,0
6094.pdf,1
6095.pdf,0
6096.pdf,0
6097.pdf,0
6098.pdf,1
6099.pdf,1
6100.pdf,0
6101.pdf,0
6102.pdf,0
6103.pdf,0
6104.pdf,1
6105.pdf,0
6106.pdf,0
6107.pdf,0
6108.pdf,1
6109.pdf,1
6110.pdf,0
6111.pdf,0
6112.pdf,0
6113.pdf,0
6114.pdf,0
6115.pdf,0
6116.pdf,0
6117.pdf,0
6118.pdf,1
6119.pdf,1
6120.pdf,1
6121.pdf,0
6122.pdf,0
6123.pdf,1
6124.pdf,0
6125.pdf,0
6126.pdf,1
6127.pdf,0
6128.pdf,1
6129.pdf,0
6130.pdf,1
6131.pdf,1
6132.pdf,0
6133.pdf,1
6134.pdf,0
6135.pdf,1
6136.pdf,1
6137.pdf,0
6138.pdf,1
6139.pdf,0
6140.pdf,0
6141.pdf,1
6142.pdf,0
6143.pdf,1
6144.pdf,1
6145.pdf,1
6146.pdf,1
6147.pdf,0
6148.pdf,0
6149.pdf,1
6150.pdf,1
6151.pdf,0
6152.pdf,1
6153.pdf,1
6154.pdf,0
6155.pdf,0
6156.pdf,1
6157.pdf,0
6158.pdf,1
6159.pdf,0
6160.pdf,0
6161.pdf,0
6162.pdf,0
6163.pdf,0
6164.pdf,0
6165.pdf,1
6166.pdf,0
6167.pdf,1
6168.pdf,1
6169.pdf,1
6170.pdf,1
6171.pdf,0
6172.pdf,0
6173.pdf,0
6174.pdf,0
6175.pdf,1
6176.pdf,0
6177.pdf,0
6178.pdf,1
6179.pdf,0
6180.pdf,0
6181.pdf,1
6182.pdf,1
6183.pdf,0
6184.pdf,1
6185.pdf,1
6186.pdf,0
6187.pdf,1
6188.pdf,0
6189.pdf,0
6190.pdf,0
6191.pdf,1
6192.pdf,0
6193.pdf,0
6194.pdf,1
6195.pdf,0
6196.pdf,1
6197.pdf,1
6198.pdf,0
6199.pdf,1
6200.pdf,0
6201.pdf,0
6202.pdf,1
6203.pdf,0
6204.pdf,1
6205.pdf,0
6206.pdf,0
6207.pdf,0
6208.pdf,0
6209.pdf,1
6210.pdf,1
6211.pdf,0
6212.pdf,0
6213.pdf,0
6214.pdf,0
6215.pdf,1
6216.pdf,0
6217.pdf,0
6218.pdf,0
6219.pdf,0
6220.pdf,1
6221.pdf,0
6222.pdf,1
6223.pdf,0
6224.pdf,0
6225.pdf,0
6226.pdf,0
6227.pdf,0
6228.pdf,0
6229.pdf,0
6230.pdf,1
6231.pdf,0
6232.pdf,1
6233.pdf,1
6234.pdf,0
6235.pdf,0
6236.pdf,0
6237.pdf,1
6238.pdf,0
6239.pdf,0
6240.pdf,0
6241.pdf,0
6242.pdf,1
6243.pdf,0
6244.pdf,1
6245.pdf,1
6246.pdf,1
6247.pdf,1
6248.pdf,0
6249.pdf,1
6250.pdf,0
6251.pdf,0
6252.pdf,0
6253.pdf,0
6254.pdf,0
6255.pdf,0
6256.pdf,0
6257.pdf,0
6258.pdf,0
6259.pdf,1
6260.pdf,0
6261.pdf,0
6262.pdf,0
6263.pdf,0
6264.pdf,0
6265.pdf,1
6266.pdf,0
6267.pdf,0
6268.pdf,0
6269.pdf,0
6270.pdf,0
6271.pdf,1
6272.pdf,0
6273.pdf,0
6274.pdf,1
6275.pdf,1
6276.pdf,1
6277.pdf,0
6278.pdf,0
6279.pdf,0
6280.pdf,0
6281.pdf,1
6282.pdf,0
6283.pdf,0
6284.pdf,0
6285.pdf,0
6286.pdf,1
6287.pdf,0
6288.pdf,1
6289.pdf,0
6290.pdf,1
6291.pdf,0
6292.pdf,0
6293.pdf,0
6294.pdf,0
6295.pdf,0
6296.pdf,1
6297.pdf,1
6298.pdf,0
6299.pdf,0
6300.pdf,1
6301.pdf,0
6302.pdf,0
6303.pdf,0
6304.pdf,1
6305.pdf,0
6306.pdf,1
6307.pdf,0
6308.pdf,1
6309.pdf,1
6310.pdf,0
6311.pdf,1
6312.pdf,0
6313.pdf,1
6314.pdf,1
6315.pdf,0
6316.pdf,1
6317.pdf,1
6318.pdf,1
6319.pdf,1
6320.pdf,1
6321.pdf,0
6322.pdf,0
6323.pdf,1
6324.pdf,1
6325.pdf,0
6326.pdf,0
6327.pdf,0
6328.pdf,0
6329.pdf,1
6330.pdf,0
6331.pdf,1
6332.pdf,0
6333.pdf,1
6334.pdf,0
6335.pdf,0
6336.pdf,1
6337.pdf,1
6338.pdf,1
6339.pdf,0
6340.pdf,0
6341.pdf,1
6342.pdf,1
6343.pdf,1
6344.pdf,0
6345.pdf,0
6346.pdf,0
6347.pdf,0
6348.pdf,1
6349.pdf,1
6350.pdf,0
6351.pdf,1
6352.pdf,1
6353.pdf,0
6354.pdf,1
6355.pdf,1
6356.pdf,0
6357.pdf,1
6358.pdf,0
6359.pdf,0
6360.pdf,0
6361.pdf,0
6362.pdf,0
6363.pdf,1
6364.pdf,1
6365.pdf,1
6366.pdf,1
6367.pdf,1
6368.pdf,0
6369.pdf,0
6370.pdf,1
6371.pdf,0
6372.pdf,0
6373.pdf,1
6374.pdf,0
6375.pdf,0
6376.pdf,0
6377.pdf,0
6378.pdf,0
6379.pdf,1
6380.pdf,1
6381.pdf,0
6382.pdf,1
6383.pdf,0
6384.pdf,0
6385.pdf,1
6386.pdf,0
6387.pdf,0
6388.pdf,1
6389.pdf,0
6390.pdf,1
6391.pdf,0
6392.pdf,0
6393.pdf,1
6394.pdf,1
6395.pdf,1
6396.pdf,0
6397.pdf,0
6398.pdf,0
6399.pdf,0
6400.pdf,0
6401.pdf,1
6402.pdf,0
6403.pdf,0
6404.pdf,0
6405.pdf,0
6406.pdf,1
6407.pdf,0
6408.pdf,1
6409.pdf,1
6410.pdf,1
6411.pdf,0
6412.pdf,1
6413.pdf,0
6414.pdf,1
6415.pdf,0
6416.pdf,0
6417.pdf,0
6418.pdf,0
6419.pdf,1
6420.pdf,0
6421.pdf,0
6422.pdf,0
6423.pdf,0
6424.pdf,1
6425.pdf,0
6426.pdf,0
6427.pdf,1
6428.pdf,0
6429.pdf,1
6430.pdf,0
6431.pdf,1
6432.pdf,0
6433.pdf,0
6434.pdf,1
6435.pdf,1
6436.pdf,0
6437.pdf,0
6438.pdf,1
6439.pdf,1
6440.pdf,1
6441.pdf,0
6442.pdf,1
6443.pdf,0
6444.pdf,0
6445.pdf,1
6446.pdf,0
6447.pdf,1
6448.pdf,1
6449.pdf,0
6450.pdf,0
6451.pdf,0
6452.pdf,0
6453.pdf,0
6454.pdf,0
6455.pdf,0
6456.pdf,0
6457.pdf,0
6458.pdf,1
6459.pdf,1
6460.pdf,0
6461.pdf,0
6462.pdf,0
6463.pdf,1
6464.pdf,0
6465.pdf,1
6466.pdf,1
6467.pdf,0
6468.pdf,0
6469.pdf,1
6470.pdf,0
6471.pdf,0
6472.pdf,0
6473.pdf,1
6474.pdf,1
6475.pdf,0
6476.pdf,1
6477.pdf,0
6478.pdf,0
6479.pdf,1
6480.pdf,0
6481.pdf,1
6482.pdf,1
6483.pdf,0
6484.pdf,0
6485.pdf,1
6486.pdf,1
6487.pdf,1
6488.pdf,0
6489.pdf,1
6490.pdf,0
6491.pdf,0
6492.pdf,0
6493.pdf,0
6494.pdf,0
6495.pdf,1
6496.pdf,1
6497.pdf,0
6498.pdf,0
6499.pdf,0
6500.pdf,0
6501.pdf,1
6502.pdf,1
6503.pdf,1
6504.pdf,0
6505.pdf,0
6506.pdf,0
6507.pdf,0
6508.pdf,0
6509.pdf,1
6510.pdf,1
6511.pdf,1
6512.pdf,0
6513.pdf,0
6514.pdf,0
6515.pdf,1
6516.pdf,1
6517.pdf,1
6518.pdf,0
6519.pdf,0
6520.pdf,0
6521.pdf,0
6522.pdf,1
6523.pdf,0
6524.pdf,0
6525.pdf,0
6526.pdf,0
6527.pdf,0
6528.pdf,0
6529.pdf,0
6530.pdf,1
6531.pdf,1
6532.pdf,1
6533.pdf,0
6534.pdf,0
6535.pdf,0
6536.pdf,0
6537.pdf,0
6538.pdf,1
6539.pdf,0
6540.pdf,1
6541.pdf,1
6542.pdf,1
6543.pdf,1
6544.pdf,1
6545.pdf,1
6546.pdf,0
6547.pdf,1
6548.pdf,1
6549.pdf,1
6550.pdf,1
6551.pdf,0
6552.pdf,1
6553.pdf,1
6554.pdf,1
6555.pdf,0
6556.pdf,0
6557.pdf,0
6558.pdf,0
6559.pdf,1
6560.pdf,1
6561.pdf,0
6562.pdf,0
6563.pdf,0
6564.pdf,0
6565.pdf,0
6566.pdf,1
6567.pdf,0
6568.pdf,0
6569.pdf,1
6570.pdf,0
6571.pdf,0
6572.pdf,1
6573.pdf,0
6574.pdf,1
6575.pdf,0
6576.pdf,0
6577.pdf,0
6578.pdf,0
6579.pdf,1
6580.pdf,0
6581.pdf,1
6582.pdf,1
6583.pdf,0
6584.pdf,0
6585.pdf,0
6586.pdf,0
6587.pdf,0
6588.pdf,0
6589.pdf,1
6590.pdf,1
6591.pdf,0
6592.pdf,0
6593.pdf,0
6594.pdf,0
6595.pdf,1
6596.pdf,1
6597.pdf,0
6598.pdf,1
6599.pdf,0
6600.pdf,1
6601.pdf,0
6602.pdf,1
6603.pdf,0
6604.pdf,1
6605.pdf,0
6606.pdf,1
6607.pdf,0
6608.pdf,0
6609.pdf,0
6610.pdf,1
6611.pdf,0
6612.pdf,0
6613.pdf,0
6614.pdf,1
6615.pdf,0
6616.pdf,0
6617.pdf,0
6618.pdf,0
6619.pdf,0
6620.pdf,0
6621.pdf,0
6622.pdf,0
6623.pdf,0
6624.pdf,0
6625.pdf,0
6626.pdf,1
6627.pdf,0
6628.pdf,1
6629.pdf,0
6630.pdf,1
6631.pdf,0
6632.pdf,1
6633.pdf,1
6634.pdf,1
6635.pdf,0
6636.pdf,0
6637.pdf,1
6638.pdf,1
6639.pdf,0
6640.pdf,0
6641.pdf,1
6642.pdf,1
6643.pdf,1
6644.pdf,0
6645.pdf,1
6646.pdf,0
6647.pdf,0
6648.pdf,0
6649.pdf,1
6650.pdf,1
6651.pdf,1
6652.pdf,0
6653.pdf,1
6654.pdf,0
6655.pdf,1
6656.pdf,1
6657.pdf,0
6658.pdf,0
6659.pdf,0
6660.pdf,0
6661.pdf,0
6662.pdf,0
6663.pdf,0
6664.pdf,1
6665.pdf,0
6666.pdf,0
6667.pdf,1
6668.pdf,0
6669.pdf,0
6670.pdf,0
6671.pdf,1
6672.pdf,0
6673.pdf,0
6674.pdf,1
6675.pdf,0
6676.pdf,0
6677.pdf,1
6678.pdf,0
6679.pdf,0
6680.pdf,0
6681.pdf,1
6682.pdf,1
6683.pdf,1
6684.pdf,1
6685.pdf,1
6686.pdf,1
6687.pdf,0
6688.pdf,1
6689.pdf,0
6690.pdf,0
6691.pdf,0
6692.pdf,0
6693.pdf,0
6694.pdf,0
6695.pdf,0
6696.pdf,1
6697.pdf,0
6698.pdf,0
6699.pdf,1
6700.pdf,0
6701.pdf,0
6702.pdf,1
6703.pdf,0
6704.pdf,1
6705.pdf,0
6706.pdf,1
6707.pdf,0
6708.pdf,0
6709.pdf,1
6710.pdf,1
6711.pdf,0
6712.pdf,0
6713.pdf,0
6714.pdf,1
6715.pdf,0
6716.pdf,0
6717.pdf,1
6718.pdf,1
6719.pdf,1
6720.pdf,0
6721.pdf,1
6722.pdf,1
6723.pdf,0
6724.pdf,0
6725.pdf,1
6726.pdf,1
6727.pdf,0
6728.pdf,0
6729.pdf,1
6730.pdf,1
6731.pdf,1
6732.pdf,1
6733.pdf,0
6734.pdf,0
6735.pdf,0
6736.pdf,1
6737.pdf,1
6738.pdf,0
6739.pdf,0
6740.pdf,1
6741.pdf,1
6742.pdf,0
6743.pdf,0
6744.pdf,1
6745.pdf,1
6746.pdf,0
6747.pdf,0
6748.pdf,1
6749.pdf,0
6750.pdf,1
6751.pdf,0
6752.pdf,1
6753.pdf,0
6754.pdf,0
6755.pdf,1
6756.pdf,0
6757.pdf,0
6758.pdf,1
6759.pdf,0
6760.pdf,0
6761.pdf,0
6762.pdf,0
6763.pdf,0
6764.pdf,1
6765.pdf,0
6766.pdf,0
6767.pdf,0
6768.pdf,0
6769.pdf,1
6770.pdf,0
6771.pdf,0
6772.pdf,1
6773.pdf,1
6774.pdf,1
6775.pdf,1
6776.pdf,0
6777.pdf,1
6778.pdf,1
6779.pdf,0
6780.pdf,0
6781.pdf,1
6782.pdf,0
6783.pdf,0
6784.pdf,0
6785.pdf,1
6786.pdf,1
6787.pdf,0
6788.pdf,1
6789.pdf,0
6790.pdf,0
6791.pdf,0
6792.pdf,0
6793.pdf,0
6794.pdf,0
6795.pdf,0
6796.pdf,0
6797.pdf,1
6798.pdf,1
6799.pdf,1
6800.pdf,0
6801.pdf,0
6802.pdf,1
6803.pdf,0
6804.pdf,1
6805.pdf,0
6806.pdf,0
6807.pdf,0
6808.pdf,0
6809.pdf,0
6810.pdf,0
6811.pdf,1
6812.pdf,0
6813.pdf,1
6814.pdf,0
6815.pdf,1
6816.pdf,0
6817.pdf,0
6818.pdf,1
6819.pdf,0
6820.pdf,0
6821.pdf,1
6822.pdf,1
6823.pdf,1
6824.pdf,0
6825.pdf,0
6826.pdf,0
6827.pdf,0
6828.pdf,0
6829.pdf,0
6830.pdf,1
6831.pdf,1
6832.pdf,0
6833.pdf,0
6834.pdf,1
6835.pdf,0
6836.pdf,1
6837.pdf,0
6838.pdf,0
6839.pdf,1
6840.pdf,0
6841.pdf,1
6842.pdf,1
6843.pdf,1
6844.pdf,1
6845.pdf,0
6846.pdf,0
6847.pdf,0
6848.pdf,0
6849.pdf,0
6850.pdf,1
6851.pdf,0
6852.pdf,0
6853.pdf,0
6854.pdf,0
6855.pdf,0
6856.pdf,0
6857.pdf,0
6858.pdf,0
6859.pdf,0
6860.pdf,1
6861.pdf,1
6862.pdf,0
6863.pdf,0
6864.pdf,0
6865.pdf,1
6866.pdf,0
6867.pdf,0
6868.pdf,0
6869.pdf,0
6870.pdf,1
6871.pdf,0
6872.pdf,0
6873.pdf,0
6874.pdf,0
6875.pdf,1
6876.pdf,1
6877.pdf,1
6878.pdf,1
6879.pdf,0
6880.pdf,0
6881.pdf,1
6882.pdf,0
6883.pdf,0
6884.pdf,0
6885.pdf,1
6886.pdf,1
6887.pdf,1
6888.pdf,0
6889.pdf,0
6890.pdf,0
6891.pdf,0
6892.pdf,0
6893.pdf,0
6894.pdf,0
6895.pdf,0
6896.pdf,0
6897.pdf,0
6898.pdf,1
6899.pdf,1
6900.pdf,1
6901.pdf,1
6902.pdf,0
6903.pdf,0
6904.pdf,0
6905.pdf,0
6906.pdf,1
6907.pdf,1
6908.pdf,1
6909.pdf,0
6910.pdf,0
6911.pdf,0
6912.pdf,0
6913.pdf,0
6914.pdf,0
6915.pdf,0
6916.pdf,1
6917.pdf,0
6918.pdf,0
6919.pdf,1
6920.pdf,0
6921.pdf,0
6922.pdf,0
6923.pdf,0
6924.pdf,0
6925.pdf,1
6926.pdf,0
6927.pdf,1
6928.pdf,1
6929.pdf,0
6930.pdf,0
6931.pdf,1
6932.pdf,1
6933.pdf,0
6934.pdf,0
6935.pdf,0
6936.pdf,0
6937.pdf,0
6938.pdf,0
6939.pdf,1
6940.pdf,0
6941.pdf,1
6942.pdf,0
6943.pdf,0
6944.pdf,0
6945.pdf,1
6946.pdf,0
6947.pdf,0
6948.pdf,0
6949.pdf,1
6950.pdf,0
6951.pdf,0
6952.pdf,1
6953.pdf,0
6954.pdf,0
6955.pdf,1
6956.pdf,1
6957.pdf,0
6958.pdf,0
6959.pdf,0
6960.pdf,0
6961.pdf,1
6962.pdf,0
6963.pdf,0
6964.pdf,0
6965.pdf,0
6966.pdf,0
6967.pdf,0
6968.pdf,0
6969.pdf,0
6970.pdf,1
6971.pdf,0
6972.pdf,1
6973.pdf,0
6974.pdf,0
6975.pdf,0
6976.pdf,0
6977.pdf,0
6978.pdf,0
6979.pdf,0
6980.pdf,0
6981.pdf,0
6982.pdf,0
6983.pdf,0
6984.pdf,1
6985.pdf,1
6986.pdf,1
6987.pdf,0
6988.pdf,1
6989.pdf,1
6990.pdf,0
6991.pdf,1
6992.pdf,1
6993.pdf,0
6994.pdf,0
6995.pdf,0
6996.pdf,0
6997.pdf,0
6998.pdf,0
6999.pdf,1
7000.pdf,0
7001.pdf,0
7002.pdf,0
7003.pdf,0
7004.pdf,1
7005.pdf,1
7006.pdf,0
7007.pdf,0
7008.pdf,0
7009.pdf,1
7010.pdf,1
7011.pdf,0
7012.pdf,0
7013.pdf,1
7014.pdf,1
7015.pdf,1
7016.pdf,0
7017.pdf,1
7018.pdf,1
7019.pdf,0
7020.pdf,0
7021.pdf,0
7022.pdf,0
7023.pdf,0
7024.pdf,1
7025.pdf,0
7026.pdf,1
7027.pdf,1
7028.pdf,0
7029.pdf,0
7030.pdf,0
7031.pdf,0
7032.pdf,1
7033.pdf,1
7034.pdf,0
7035.pdf,0
7036.pdf,1
7037.pdf,1
7038.pdf,1
7039.pdf,1
7040.pdf,1
7041.pdf,0
7042.pdf,0
7043.pdf,1
7044.pdf,1
7045.pdf,0
7046.pdf,1
7047.pdf,0
7048.pdf,0
7049.pdf,0
7050.pdf,0
7051.pdf,1
7052.pdf,0
7053.pdf,1
7054.pdf,1
7055.pdf,0
7056.pdf,1
7057.pdf,0
7058.pdf,0
7059.pdf,1
7060.pdf,1
7061.pdf,1
7062.pdf,1
7063.pdf,1
7064.pdf,1
7065.pdf,1
7066.pdf,0
7067.pdf,0
7068.pdf,0
7069.pdf,1
7070.pdf,0
7071.pdf,1
7072.pdf,0
7073.pdf,1
7074.pdf,0
7075.pdf,0
7076.pdf,0
7077.pdf,1
7078.pdf,1
7079.pdf,0
7080.pdf,0
7081.pdf,1
7082.pdf,1
7083.pdf,0
7084.pdf,1
7085.pdf,0
7086.pdf,0
7087.pdf,1
7088.pdf,0
7089.pdf,0
7090.pdf,1
7091.pdf,0
7092.pdf,1
7093.pdf,0
7094.pdf,0
7095.pdf,1
7096.pdf,0
7097.pdf,0
7098.pdf,1
7099.pdf,0
7100.pdf,0
7101.pdf,1
7102.pdf,0
7103.pdf,0
7104.pdf,0
7105.pdf,0
7106.pdf,1
7107.pdf,0
7108.pdf,0
7109.pdf,1
7110.pdf,1
7111.pdf,0
7112.pdf,0
7113.pdf,0
7114.pdf,0
7115.pdf,1
7116.pdf,0
7117.pdf,1
7118.pdf,1
7119.pdf,0
7120.pdf,1
7121.pdf,0
7122.pdf,1
7123.pdf,1
7124.pdf,0
7125.pdf,1
7126.pdf,1
7127.pdf,1
7128.pdf,1
7129.pdf,0
7130.pdf,0
7131.pdf,1
7132.pdf,1
7133.pdf,0
7134.pdf,0
7135.pdf,1
7136.pdf,1
7137.pdf,0
7138.pdf,0
7139.pdf,0
7140.pdf,0
7141.pdf,1
7142.pdf,0
7143.pdf,1
7144.pdf,0
7145.pdf,1
7146.pdf,0
7147.pdf,1
7148.pdf,0
7149.pdf,0
7150.pdf,0
7151.pdf,1
7152.pdf,0
7153.pdf,1
7154.pdf,0
7155.pdf,1
7156.pdf,0
7157.pdf,0
7158.pdf,1
7159.pdf,0
7160.pdf,1
7161.pdf,0
7162.pdf,1
7163.pdf,1
7164.pdf,1
7165.pdf,0
7166.pdf,1
7167.pdf,0
7168.pdf,0
7169.pdf,1
7170.pdf,0
7171.pdf,1
7172.pdf,0
7173.pdf,0
7174.pdf,0
7175.pdf,0
7176.pdf,0
7177.pdf,1
7178.pdf,1
7179.pdf,0
7180.pdf,1
7181.pdf,1
7182.pdf,1
7183.pdf,0
7184.pdf,1
7185.pdf,1
7186.pdf,0
7187.pdf,0
7188.pdf,0
7189.pdf,0
7190.pdf,0
7191.pdf,0
7192.pdf,0
7193.pdf,0
7194.pdf,1
7195.pdf,1
7196.pdf,1
7197.pdf,1
7198.pdf,0
7199.pdf,1
7200.pdf,1
7201.pdf,1
7202.pdf,1
7203.pdf,1
7204.pdf,1
7205.pdf,0
7206.pdf,0
7207.pdf,0
7208.pdf,0
7209.pdf,0
7210.pdf,0
7211.pdf,1
7212.pdf,1
7213.pdf,1
7214.pdf,0
7215.pdf,0
7216.pdf,0
7217.pdf,1
7218.pdf,0
7219.pdf,0
7220.pdf,0
7221.pdf,1
7222.pdf,1
7223.pdf,1
7224.pdf,0
7225.pdf,1
7226.pdf,1
7227.pdf,0
7228.pdf,1
7229.pdf,0
7230.pdf,1
7231.pdf,0
7232.pdf,1
7233.pdf,0
7234.pdf,1
7235.pdf,0
7236.pdf,1
7237.pdf,1
7238.pdf,1
7239.pdf,1
7240.pdf,1
7241.pdf,1
7242.pdf,0
7243.pdf,1
7244.pdf,1
7245.pdf,0
7246.pdf,0
7247.pdf,0
7248.pdf,0
7249.pdf,1
7250.pdf,0
7251.pdf,0
7252.pdf,0
7253.pdf,0
7254.pdf,1
7255.pdf,1
7256.pdf,0
7257.pdf,1
7258.pdf,0
7259.pdf,1
7260.pdf,0
7261.pdf,1
7262.pdf,0
7263.pdf,0
7264.pdf,1
7265.pdf,0
7266.pdf,1
7267.pdf,0
7268.pdf,0
7269.pdf,0
7270.pdf,0
7271.pdf,1
7272.pdf,0
7273.pdf,1
7274.pdf,0
7275.pdf,1
7276.pdf,1
7277.pdf,0
7278.pdf,0
7279.pdf,1
7280.pdf,1
7281.pdf,0
7282.pdf,0
7283.pdf,0
7284.pdf,1
7285.pdf,0
7286.pdf,0
7287.pdf,0
7288.pdf,1
7289.pdf,0
7290.pdf,0
7291.pdf,1
7292.pdf,1
7293.pdf,0
7294.pdf,0
7295.pdf,0
7296.pdf,1
7297.pdf,0
7298.pdf,1
7299.pdf,0
7300.pdf,0
7301.pdf,0
7302.pdf,1
7303.pdf,0
7304.pdf,1
7305.pdf,1
7306.pdf,1
7307.pdf,1
7308.pdf,0
7309.pdf,0
7310.pdf,0
7311.pdf,0
7312.pdf,1
7313.pdf,1
7314.pdf,0
7315.pdf,0
7316.pdf,0
7317.pdf,1
7318.pdf,1
7319.pdf,0
7320.pdf,1
7321.pdf,1
7322.pdf,0
7323.pdf,0
7324.pdf,0
7325.pdf,1
7326.pdf,0
7327.pdf,0
7328.pdf,1
7329.pdf,0
7330.pdf,0
7331.pdf,0
7332.pdf,0
7333.pdf,0
7334.pdf,0
7335.pdf,0
7336.pdf,0
7337.pdf,0
7338.pdf,0
7339.pdf,1
7340.pdf,1
7341.pdf,0
7342.pdf,0
7343.pdf,0
7344.pdf,1
7345.pdf,1
7346.pdf,0
7347.pdf,0
7348.pdf,1
7349.pdf,0
7350.pdf,0
7351.pdf,1
7352.pdf,1
7353.pdf,0
7354.pdf,0
7355.pdf,1
7356.pdf,0
7357.pdf,1
7358.pdf,0
7359.pdf,1
7360.pdf,0
7361.pdf,0
7362.pdf,1
7363.pdf,0
7364.pdf,0
7365.pdf,1
7366.pdf,0
7367.pdf,1
7368.pdf,0
7369.pdf,1
7370.pdf,0
7371.pdf,0
7372.pdf,0
7373.pdf,0
7374.pdf,0
